[BD]sony sports ten 1,https://t.freetv.fun/live/sony-sports-ten-1-1.ts
[BD]meltem tv,https://t.freetv.fun/live/meltem-tv-2-1.m3u8
[HD]浙江民生,https://t.freetv.fun/live/zhe-jiang-min-sheng-2.m3u8
[BD]浙江民生,https://t.freetv.fun/live/zhe-jiang-min-sheng-1-1.m3u8
[BD]黑水,rtmp://live.schstv.com/live/xwzh
[SD]Saga Music Haryanvi,https://t.freetv.fun/live/saga-music-haryanvi.m3u8
[BD]松潘,rtmp://live.spccmc.com:1936/live/spxwzh
[HD]астрахань 24,https://t.freetv.fun/live/astrakhan-24-2.m3u8
[BD]tv 100,https://t.freetv.fun/live/tv-100.m3u8
[HD]tv 100,https://t.freetv.fun/live/tv-100-1.m3u8
[BD]tv 100,https://t.freetv.fun/live/tv-100-2.m3u8
[BD]cartoon head tv 4,rtmp://vkvsd278.okcdn.ru/playback/13474169039795?stkn=teYFrlCUVUJIuLZBKQ1ImcQWv_fDnIhMXd5HG4rWpAxwu6JoihJenTZ1DOmwOyyp9gA3ALXtyP7K&uid=0&sp=uid,sp&sig=vlibqm4nyu&fromCache=1
[BD]ми україна,https://t.freetv.fun/live/mi-ukraina.m3u8
[BD]12 канал,https://t.freetv.fun/live/12-kanal.m3u8
[HD]in the kitchen,https://t.freetv.fun/live/in-the-kitchen-1.m3u8
[BD]hell's kitchen italy,https://t.freetv.fun/live/hell-s-kitchen-italy.m3u8
[BD]hell's kitchen,https://t.freetv.fun/live/hell-s-kitchen-2.m3u8
[SD]in the kitchen,https://t.freetv.fun/live/in-the-kitchen-1.m3u8
[SD]hell's kitchen (1080p),https://t.freetv.fun/live/hell-s-kitchen-1080p.m3u8
[BD]news 24 alb,https://t.freetv.fun/live/news-24-alb.m3u8
[BD]news 24 albania,https://t.freetv.fun/live/news-24-albania.m3u8
[VGA]24 news,https://t.freetv.fun/live/24-news.m3u8
[SD]24 news,https://t.freetv.fun/live/24-news-1.m3u8
[BD]24 канал,https://t.freetv.fun/live/24-kanal-2.m3u8
[BD]24 канал,https://t.freetv.fun/live/24-kanal-4.m3u8
[SD]365 дней тв,https://t.freetv.fun/live/365-dnei-tv.m3u8
[BD]yemen shabab,https://t.freetv.fun/live/yemen-shabab.m3u8
[BD]40 graus tv,https://t.freetv.fun/live/40-graus-tv.m3u8
[BD]mercurio noticias,https://t.freetv.fun/live/mercurio-noticias.m3u8
[BD]6ter,https://t.freetv.fun/live/6ter.m3u8
[HD]новый канал,https://t.freetv.fun/live/novyi-kanal-1.m3u8
[BD]8 канал україна,https://t.freetv.fun/live/8-kanal-ukraina.m3u8
[BD]новий канал,https://t.freetv.fun/live/novii-kanal-1.m3u8
[BD]8TV *tv,https://t.freetv.fun/live/8tv-tv.ts
[HD]tv 1,https://t.freetv.fun/live/tv-1.m3u8
[BD]cayetano plus,https://t.freetv.fun/live/cayetano-plus.m3u8
[HD]sato plus,https://t.freetv.fun/live/sato-plus.m3u8
[BD]kung fu plus,https://t.freetv.fun/live/kung-fu-plus.m3u8
[HD]hai phong plus,https://t.freetv.fun/live/hai-phong-plus.m3u8
[BD]viju plus megahit,https://t.freetv.fun/live/viju-plus-megahit.m3u8
[SD]auto plus,https://t.freetv.fun/live/auto-plus.m3u8
[HD]lotte home shopping,https://t.freetv.fun/live/lotte-home-shopping.m3u8
[HD]a e,https://t.freetv.fun/live/a-e.m3u8
[BD]a e tv,https://t.freetv.fun/live/a-e-tv.m3u8
[BD]uz sport,https://t.freetv.fun/live/uz-sport.m3u8
[BD]megogo sport,https://t.freetv.fun/live/megogo-sport.m3u8
[SD]suspilne. sport,https://t.freetv.fun/live/suspilne-sport-1.m3u8
[VGA]tvs classic sports,https://t.freetv.fun/live/tvs-classic-sports.m3u8
[SD]tvs classic sports (360p),https://t.freetv.fun/live/tvs-classic-sports-360p.m3u8
[VGA]telekanal rai,https://t.freetv.fun/live/telekanal-rai.m3u8
[VGA]aastha bhajan,https://t.freetv.fun/live/aastha-bhajan.m3u8
[HD]abc,https://t.freetv.fun/live/abc.m3u8
[VGA]news 24,https://t.freetv.fun/live/news-24.m3u8
[BD]news 24,https://t.freetv.fun/live/news-24-1.m3u8
[BD]tvp abc,https://t.freetv.fun/live/tvp-abc.m3u8
[HD]ketv-tv abc 13,https://t.freetv.fun/live/ketv-tv-abc-13.ts
[VGA]abn tv india,https://t.freetv.fun/live/abn-tv-india.m3u8
[HD]abn tv,https://t.freetv.fun/live/abn-tv.m3u8
[BD]jbn tv,https://t.freetv.fun/live/jbn-tv.m3u8
[BD]abp news,https://t.freetv.fun/live/abp-news.m3u8
[SD]voa tv africa (1080p),https://t.freetv.fun/live/voa-tv-africa-1080p.m3u8
[BD]al horreya tv,https://t.freetv.fun/live/al-horreya-tv-1.m3u8
[VGA]ace tv,https://t.freetv.fun/live/ace-tv-1.m3u8
[BD]amc,https://t.freetv.fun/live/amc-1.m3u8
[SD]amc,https://t.freetv.fun/live/amc-2.m3u8
[BD]amc電影,https://t.freetv.fun/live/amcdian-ying.m3u8
[HD]amedia hit,https://t.freetv.fun/live/amedia-hit.m3u8
[VGA]pmi tv,https://t.freetv.fun/live/pmi-tv.m3u8
[BD]a2i tv,https://t.freetv.fun/live/a2i-tv.m3u8
[SD]atomic tv (360p),https://t.freetv.fun/live/atomic-tv-360p.m3u8
[VGA]pmi tv (720p) [not 24/7],https://t.freetv.fun/live/pmi-tv-720p-not-24-7.m3u8
[VGA]a2i tv (1080p),https://t.freetv.fun/live/a2i-tv-1080p.m3u8
[BD]bam-tv,https://t.freetv.fun/live/bam-tv.m3u8
[BD]apsara tv11,https://t.freetv.fun/live/apsara-tv11.m3u8
[HD]arte,https://t.freetv.fun/live/arte.m3u8
[VGA]artv,https://t.freetv.fun/live/artv.m3u8
[BD]astro aod,https://t.freetv.fun/live/astro-aod.m3u8
[BD]astro aod,https://t.freetv.fun/live/astro-aod-1.m3u8
[BD]Astro AOD 311 *tv,https://t.freetv.fun/live/astro-aod-311-tv.ts
[HD]Astro Awani *tv,https://t.freetv.fun/live/astro-awani-tv.ts
[BD]pro arena,https://t.freetv.fun/live/pro-arena.m3u8
[BD]Astro Arena 2 *tv,https://t.freetv.fun/live/astro-arena-2-tv.ts
[BD]Astro Aura *tv,https://t.freetv.fun/live/astro-aura-tv.ts
[SD]Astro Ceria *tv,https://t.freetv.fun/live/astro-ceria-tv.ts
[SD]Astro Citra *tv,https://t.freetv.fun/live/astro-citra-tv.ts
[BD]Astro Oasis *tv,https://t.freetv.fun/live/astro-oasis-tv.ts
[HD]Astro Prima *tv,https://t.freetv.fun/live/astro-prima-tv.ts
[HD]Astro Ria *tv,https://t.freetv.fun/live/astro-ria-tv.ts
[HD]niknik-tv,rtmp://vkvsd51.okcdn.ru/playback/9747990391627?stkn=F8e6nFzL9oOzipSsxvG4GPfqzYEqKSUg8JFhCLunA6R6JbHG9P92oZiAZkgVnVmWQm_xueQU9pk&uid=0&sp=uid,sp&sig=vlibqm4nyu
[BD]Astro Rania *tv,https://t.freetv.fun/live/astro-rania-tv.ts
[BD]tvri world,https://t.freetv.fun/live/tvri-world-2.m3u8
[BD]AXN HD *tv,https://t.freetv.fun/live/axn-hd-tv.ts
[HD]axn poland,https://t.freetv.fun/live/axn-poland.m3u8
[SD]axn black romania,https://t.freetv.fun/live/axn-black-romania.m3u8
[BD]axn cee romania,https://t.freetv.fun/live/axn-cee-romania.m3u8
[SD]axn white,https://t.freetv.fun/live/axn-white.m3u8
[HD]axn white,https://t.freetv.fun/live/axn-white-1.m3u8
[BD]abadan,https://t.freetv.fun/live/abadan.m3u8
[BD]AFN *tv,https://t.freetv.fun/live/afn-tv.ts
[BD]agro tv,https://t.freetv.fun/live/agro-tv.m3u8
[SD]faros tv,https://t.freetv.fun/live/faros-tv.m3u8
[VGA]agro tv,https://t.freetv.fun/live/agro-tv-1.m3u8
[HD]guaro tv,https://t.freetv.fun/live/guaro-tv.m3u8
[HD]jimani tv,https://t.freetv.fun/live/jimani-tv.m3u8
[BD]anjan tv,https://t.freetv.fun/live/anjan-tv.m3u8
[BD]al arabiya,https://t.freetv.fun/live/al-arabiya-1.m3u8
[BD]al alaraby,https://t.freetv.fun/live/al-alaraby.m3u8
[HD]al fallujah tv,https://t.freetv.fun/live/al-fallujah-tv.ts
[BD]al jazeera,https://t.freetv.fun/live/al-jazeera.m3u8
[BD]al jazeera,https://t.freetv.fun/live/al-jazeera-1.m3u8
[BD]al jazeera english,https://t.freetv.fun/live/al-jazeera-english.m3u8
[BD]al jazeera news,https://t.freetv.fun/live/al-jazeera-news-1.m3u8
[BD]al jazeera english,https://t.freetv.fun/live/al-jazeera-english-1.m3u8
[HD]aljazeera,https://t.freetv.fun/live/aljazeera.m3u8
[BD]al jazeera,https://t.freetv.fun/live/al-jazeera-3.m3u8
[BD]al jazeera mubasher,https://t.freetv.fun/live/al-jazeera-mubasher.m3u8
[BD]al rayyan qadeem,https://t.freetv.fun/live/al-rayyan-qadeem.m3u8
[VGA]al rayyan,https://t.freetv.fun/live/al-rayyan.m3u8
[BD]al sharqiya,https://t.freetv.fun/live/al-sharqiya.m3u8
[BD]al-sharqiya news,https://t.freetv.fun/live/al-sharqiya-news.m3u8
[BD]al sharqiya tv,https://t.freetv.fun/live/al-sharqiya-tv.m3u8
[VGA]al sharqiya,https://t.freetv.fun/live/al-sharqiya-2.m3u8
[BD]alfa omega tv,https://t.freetv.fun/live/alfa-omega-tv.m3u8
[BD]alibi,https://t.freetv.fun/live/alibi.m3u8
[BD]xama tv,https://t.freetv.fun/live/xama-tv.flv
[VGA]amazing discoveries tv,https://t.freetv.fun/live/amazing-discoveries-tv-1.m3u8
[BD]tv life america,https://t.freetv.fun/live/tv-life-america.m3u8
[VGA]garage tv latin america,https://t.freetv.fun/live/garage-tv-latin-america.m3u8
[VGA]tv life america,https://t.freetv.fun/live/tv-life-america-1.m3u8
[BD]red america tv,https://t.freetv.fun/live/red-america-tv.m3u8
[BD]american crimes,https://t.freetv.fun/live/american-crimes.m3u8
[HD]diadora tv,https://t.freetv.fun/live/diadora-tv.m3u8
[BD]animal planet,https://t.freetv.fun/live/animal-planet.m3u8
[SD]animal planet,https://t.freetv.fun/live/animal-planet-1.m3u8
[BD]animal planet,https://t.freetv.fun/live/animal-planet-2.m3u8
[BD]animal planet,https://t.freetv.fun/live/animal-planet-4.ts
[BD]animal planet,https://t.freetv.fun/live/animal-planet-5.ts
[VGA]Animal Planet,https://t.freetv.fun/live/animal-planet-1-1.m3u8
[HD]animalplanet,https://t.freetv.fun/live/animalplanet.m3u8
[BD]cctv-8电视剧,https://t.freetv.fun/live/cctv-8dian-shi-ju.m3u8
[SD]cctv-5体育,https://t.freetv.fun/live/cctv-5ti-yu.m3u8
[SD]cctv-1综合,https://t.freetv.fun/live/cctv-1zong-he-1.m3u8
[BD]cctv-9纪录,https://t.freetv.fun/live/cctv-9ji-lu.m3u8
[SD]cctv-12社会与法,https://t.freetv.fun/live/cctv-12she-hui-yu-fa.m3u8
[BD]Animax *tv,https://t.freetv.fun/live/animax-tv.ts
[HD]antena 1 tv,https://t.freetv.fun/live/antena-1-tv.m3u8
[BD]ant1 cyprus,https://t.freetv.fun/live/ant1-cyprus.m3u8
[VGA]antena 3 vox,https://t.freetv.fun/live/antena-3-vox.m3u8
[BD]antena sur,https://t.freetv.fun/live/antena-sur.m3u8
[BD]latina,https://t.freetv.fun/live/latina-2.m3u8
[BD]aratu on,https://t.freetv.fun/live/aratu-on.m3u8
[HD]antenasport,https://t.freetv.fun/live/antenasport.m3u8
[BD]arena sport 1 premium,https://t.freetv.fun/live/arena-sport-1-premium.m3u8
[BD]arirang radio,https://t.freetv.fun/live/arirang-radio.m3u8
[SD]arirang,https://t.freetv.fun/live/arirang.m3u8
[HD]arirang tv,https://t.freetv.fun/live/arirang-tv.m3u8
[HD]arirang,https://t.freetv.fun/live/arirang-1.m3u8
[BD]arirang tv un,https://t.freetv.fun/live/arirang-tv-un.m3u8
[BD]arirang radio,https://t.freetv.fun/live/arirang-radio-1.m3u8
[HD]arirang tv,https://t.freetv.fun/live/arirang-tv-1.m3u8
[BD]arirang tv,https://t.freetv.fun/live/arirang-tv-2.m3u8
[HD]arirang world,https://t.freetv.fun/live/arirang-world-1.m3u8
[BD]arirang,https://t.freetv.fun/live/arirang-3.m3u8
[BD]arirang,https://t.freetv.fun/live/arirang-4.m3u8
[SD]arirang tv un (1080p),https://t.freetv.fun/live/arirang-tv-un-1080p.m3u8
[BD]arirang tv,https://t.freetv.fun/live/arirang-tv-3.m3u8
[BD]arryadia tnt,https://t.freetv.fun/live/arryadia-tnt.m3u8
[BD]asianet,https://t.freetv.fun/live/asianet.m3u8
[BD]astro aec,https://t.freetv.fun/live/astro-aec.m3u8
[BD]Astro AEC *tv,https://t.freetv.fun/live/astro-aec-tv.ts
[SD]Astro Arena Bola *tv,https://t.freetv.fun/live/astro-arena-bola-tv.ts
[SD]Astro Arena Bola 2 *tv,https://t.freetv.fun/live/astro-arena-bola-2-tv.ts
[HD]Astro Boo *tv,https://t.freetv.fun/live/astro-boo-tv.ts
[HD]Astro Badminton *tv,https://t.freetv.fun/live/astro-badminton-tv.ts
[HD]Astro Badminton 2 *tv,https://t.freetv.fun/live/astro-badminton-2-tv.ts
[SD]Astro Footbal *tv,https://t.freetv.fun/live/astro-footbal-tv.ts
[SD]Astro Grandstand *tv,https://t.freetv.fun/live/astro-grandstand-tv.ts
[HD]Astro Premier League *tv,https://t.freetv.fun/live/astro-premier-league-tv.ts
[VGA]Astro Premier League 2 *tv,https://t.freetv.fun/live/astro-premier-league-2-tv.ts
[HD]Astro QJ *tv,https://t.freetv.fun/live/astro-qj-tv.ts
[BD]astro showcase *tv,https://t.freetv.fun/live/astro-showcase-tv.ts
[BD]Astro Sports Plus *tv,https://t.freetv.fun/live/astro-sports-plus-tv.ts
[HD]tvs,https://t.freetv.fun/live/tvs-1.m3u8
[VGA]atomic tv,https://t.freetv.fun/live/atomic-tv.m3u8
[BD]people are awesome,https://t.freetv.fun/live/people-are-awesome-3.m3u8
[BD]zarin tv,https://t.freetv.fun/live/zarin-tv.m3u8
[BD]b4u movies,https://t.freetv.fun/live/b4u-movies.m3u8
[SD]b4u music,https://t.freetv.fun/live/b4u-music.m3u8
[SD]eu music,https://t.freetv.fun/live/eu-music-1.m3u8
[SD]baby time,https://t.freetv.fun/live/baby-time.m3u8
[SD]banat tv,https://t.freetv.fun/live/banat-tv.m3u8
[SD]cbeebies,https://t.freetv.fun/live/cbeebies.m3u8
[BD]bbc2,https://t.freetv.fun/live/bbc2.m3u8
[SD]bbcnews,https://t.freetv.fun/live/bbcnews.m3u8
[BD]bbc parliament,https://t.freetv.fun/live/bbc-parliament.m3u8
[BD]bbc world news,https://t.freetv.fun/live/bbc-world-news.m3u8
[SD]bfm business,https://t.freetv.fun/live/bfm-business.m3u8
[SD]bfm tv,https://t.freetv.fun/live/bfm-tv.m3u8
[BD]bfmtv,https://t.freetv.fun/live/bfmtv.m3u8
[BD]new brasil,https://t.freetv.fun/live/new-brasil.m3u8
[HD]brtv,https://t.freetv.fun/live/brtv.m3u8
[HD]brtv,https://t.freetv.fun/live/brtv-1.m3u8
[VGA]bta tv,https://t.freetv.fun/live/bta-tv.m3u8
[HD]btv,https://t.freetv.fun/live/btv-1.m3u8
[BD]buzzr,https://t.freetv.fun/live/buzzr.m3u8
[BD]baby shark tv,https://t.freetv.fun/live/baby-shark-tv-1.m3u8
[BD]band mg,https://t.freetv.fun/live/band-mg.m3u8
[BD]bein sports xtra,https://t.freetv.fun/live/bein-sports-xtra.m3u8
[BD]sport,https://t.freetv.fun/live/sport.m3u8
[BD]bergamo tv,https://t.freetv.fun/live/bergamo-tv.m3u8
[VGA]bergamo tv,https://t.freetv.fun/live/bergamo-tv-1.m3u8
[HD]bethel tv,https://t.freetv.fun/live/bethel-tv.m3u8
[BD]taber tv,https://t.freetv.fun/live/taber-tv.m3u8
[HD]bibel tv,https://t.freetv.fun/live/bibel-tv.m3u8
[BD]bibel tv musik,https://t.freetv.fun/live/bibel-tv-musik-1.m3u8
[BD]bloomberg tv plus,https://t.freetv.fun/live/bloomberg-tv-plus.m3u8
[BD]bloomberg,https://t.freetv.fun/live/bloomberg-1.m3u8
[HD]bloomberg ht,https://t.freetv.fun/live/bloomberg-ht-2.m3u8
[BD]bloomberg tv asia,https://t.freetv.fun/live/bloomberg-tv-asia-1.m3u8
[BD]suspilne. kyiv,https://t.freetv.fun/live/suspilne-kyiv.m3u8
[HD]bolajon,https://t.freetv.fun/live/bolajon.m3u8
[SD]bollywood classic,https://t.freetv.fun/live/bollywood-classic.m3u8
[HD]bravo,https://t.freetv.fun/live/bravo.m3u8
[HD]super tv brescia,https://t.freetv.fun/live/super-tv-brescia.m3u8
[BD]bridge deluxe,https://t.freetv.fun/live/bridge-deluxe.m3u8
[BD]bridge deluxe,https://t.freetv.fun/live/bridge-deluxe-1.m3u8
[SD]bridge classic,https://t.freetv.fun/live/bridge-classic.m3u8
[SD]bridge classic (576p),https://t.freetv.fun/live/bridge-classic-576p.m3u8
[BD]this is bulgaria,https://t.freetv.fun/live/this-is-bulgaria.m3u8
[HD]cay tv,https://t.freetv.fun/live/cay-tv.m3u8
[HD]hc2 tv,https://t.freetv.fun/live/hc2-tv.m3u8
[BD]香港c plus,https://t.freetv.fun/live/xiang-gang-c-plus.m3u8
[BD]fifa plus his,https://t.freetv.fun/live/fifa-plus-his.m3u8
[HD]canal 11 tutv,https://t.freetv.fun/live/canal-11-tutv.m3u8
[BD]catholic tv,https://t.freetv.fun/live/catholic-tv-1.m3u8
[SD]catholic tv,https://t.freetv.fun/live/catholic-tv.m3u8
[HD]cbc,https://t.freetv.fun/live/cbc-2.m3u8
[HD]autentica television,https://t.freetv.fun/live/autentica-television.m3u8
[HD]beverly hills television 10,https://t.freetv.fun/live/beverly-hills-television-10.m3u8
[BD]korean central television,https://t.freetv.fun/live/korean-central-television.m3u8
[BD]monte carlo digital television,https://t.freetv.fun/live/monte-carlo-digital-television.m3u8
[BD]monroe county television mctv,https://t.freetv.fun/live/monroe-county-television-mctv.m3u8
[HD]nm television,https://t.freetv.fun/live/nm-television.m3u8
[HD]globus television,https://t.freetv.fun/live/globus-television.m3u8
[VGA]via television,https://t.freetv.fun/live/via-television-1.m3u8
[VGA]impacto television,https://t.freetv.fun/live/impacto-television-1.m3u8
[SD]monroe county television mctv (monroe county fl) (1080p),https://t.freetv.fun/live/monroe-county-television-mctv-monroe-county-fl-1080p.m3u8
[VGA]monte carlo digital television (1080p),https://t.freetv.fun/live/monte-carlo-digital-television-1080p.m3u8
[VGA]beverly hills television 10 (720p),https://t.freetv.fun/live/beverly-hills-television-10-720p.m3u8
[BD]amaga television,https://t.freetv.fun/live/amaga-television.m3u8
[BD]panche television,https://t.freetv.fun/live/panche-television.m3u8
[HD]vm latino,https://t.freetv.fun/live/vm-latino.m3u8
[HD]cbs news,https://t.freetv.fun/live/cbs-news.m3u8
[BD]cctv-8k超高清,https://t.freetv.fun/live/cctv-8kchao-gao-qing.m3u8
[HD]cctv-8k超高清,https://t.freetv.fun/live/cctv-8kchao-gao-qing-2.m3u8
[HD]cctv-8k超高清,https://t.freetv.fun/live/cctv-8kchao-gao-qing-4.m3u8
[HD]cctv-11戏曲,https://t.freetv.fun/live/cctv-11xi-qu.m3u8
[BD]cctv-11戏曲,https://t.freetv.fun/live/cctv-11xi-qu-1.m3u8
[HD]cctv-11戏曲,https://t.freetv.fun/live/cctv-11xi-qu-2.m3u8
[HD]cctv-11戏曲,https://t.freetv.fun/live/cctv-11xi-qu-3.m3u8
[HD]cctv-11戏曲,https://t.freetv.fun/live/cctv-11xi-qu-4.m3u8
[HD]cctv-11戏曲,https://t.freetv.fun/live/cctv-11xi-qu-5.m3u8
[HD]cctv-11戏曲,https://t.freetv.fun/live/cctv-11xi-qu-6.m3u8
[BD]cctv-4k超高清,https://t.freetv.fun/live/cctv-4kchao-gao-qing-1.m3u8
[BD]cctv-4k超高清,https://t.freetv.fun/live/cctv-4kchao-gao-qing-2.m3u8
[BD]cctv-4k超高清,https://t.freetv.fun/live/cctv-4kchao-gao-qing-3.m3u8
[BD]cctv-4k超高清,https://t.freetv.fun/live/cctv-4kchao-gao-qing-4.m3u8
[BD]cctv-4k超高清,https://t.freetv.fun/live/cctv-4kchao-gao-qing-5.m3u8
[HD]cctv-4k超高清,https://t.freetv.fun/live/cctv-4kchao-gao-qing-6.m3u8
[BD]cctv-4k超高清,https://t.freetv.fun/live/cctv-4kchao-gao-qing-7.m3u8
[BD]cctv-4k超高清,https://t.freetv.fun/live/cctv-4kchao-gao-qing-8.m3u8
[SD]cctv1-综合,https://t.freetv.fun/live/cctv1-zong-he-3.m3u8
[HD]cctv-10科教,https://t.freetv.fun/live/cctv-10ke-jiao-1.m3u8
[SD]cctv-10科教,https://t.freetv.fun/live/cctv-10ke-jiao.m3u8
[BD]cctv-10科教,https://t.freetv.fun/live/cctv-10ke-jiao-2.m3u8
[HD]cctv-10科教,https://t.freetv.fun/live/cctv-10ke-jiao-3.m3u8
[HD]cctv-10科教,https://t.freetv.fun/live/cctv-10ke-jiao-4.m3u8
[HD]cctv-10科教,https://t.freetv.fun/live/cctv-10ke-jiao-5.m3u8
[BD]cctv-10科教,https://t.freetv.fun/live/cctv-10ke-jiao-6.m3u8
[HD]cctv-10科教,https://t.freetv.fun/live/cctv-10ke-jiao-7.m3u8
[HD]cctv-10科教,https://t.freetv.fun/live/cctv-10ke-jiao-8.m3u8
[BD]cctv-10科教,https://t.freetv.fun/live/cctv-10ke-jiao-10.m3u8
[BD]cctv11-戏曲,https://t.freetv.fun/live/cctv11-xi-qu.m3u8
[VGA]cctv11-戏曲,https://t.freetv.fun/live/cctv11-xi-qu-1.m3u8
[VGA]cctv11-戏曲,https://t.freetv.fun/live/cctv11-xi-qu-3.m3u8
[BD]cctv-13新闻,https://t.freetv.fun/live/cctv-13xin-wen.m3u8
[SD]cctv-13新闻,https://t.freetv.fun/live/cctv-13xin-wen-1.m3u8
[HD]cctv-13新闻,https://t.freetv.fun/live/cctv-13xin-wen-2.m3u8
[HD]cctv-13新闻,https://t.freetv.fun/live/cctv-13xin-wen-3.m3u8
[HD]cctv-13新闻,https://t.freetv.fun/live/cctv-13xin-wen-4.m3u8
[HD]cctv-13新闻,https://t.freetv.fun/live/cctv-13xin-wen-5.m3u8
[HD]cctv-13新闻,https://t.freetv.fun/live/cctv-13xin-wen-6.m3u8
[BD]cctv-13新闻,https://t.freetv.fun/live/cctv-13xin-wen-7.m3u8
[HD]cctv-13新闻,https://t.freetv.fun/live/cctv-13xin-wen-9.m3u8
[BD]cctv-14少儿,https://t.freetv.fun/live/cctv-14shao-er.m3u8
[BD]cctv14-少儿,https://t.freetv.fun/live/cctv14-shao-er-1.m3u8
[SD]cctv-14少儿,https://t.freetv.fun/live/cctv-14shao-er-1.m3u8
[HD]cctv-14少儿,https://t.freetv.fun/live/cctv-14shao-er-2.m3u8
[HD]cctv-14少儿,https://t.freetv.fun/live/cctv-14shao-er-3.m3u8
[HD]cctv-14少儿,https://t.freetv.fun/live/cctv-14shao-er-4.m3u8
[HD]cctv-14少儿,https://t.freetv.fun/live/cctv-14shao-er-5.m3u8
[BD]cctv-14少儿,https://t.freetv.fun/live/cctv-14shao-er-6.m3u8
[BD]cctv-14少儿,https://t.freetv.fun/live/cctv-14shao-er-7.m3u8
[HD]cctv-14少儿,https://t.freetv.fun/live/cctv-14shao-er-8.m3u8
[HD]cctv-14少儿,https://t.freetv.fun/live/cctv-14shao-er-9.m3u8
[VGA]cctv14-少儿,https://t.freetv.fun/live/cctv14-shao-er-4.m3u8
[SD]cctv15-音乐,https://t.freetv.fun/live/cctv15-yin-le-1.m3u8
[HD]cctv-15音乐,https://t.freetv.fun/live/cctv-15yin-le.m3u8
[SD]cctv-15音乐,https://t.freetv.fun/live/cctv-15yin-le-1.m3u8
[HD]cctv-15音乐,https://t.freetv.fun/live/cctv-15yin-le-2.m3u8
[HD]cctv-15音乐,https://t.freetv.fun/live/cctv-15yin-le-3.m3u8
[BD]cctv-15音乐,https://t.freetv.fun/live/cctv-15yin-le-4.m3u8
[BD]cctv-15音乐,https://t.freetv.fun/live/cctv-15yin-le-5.m3u8
[HD]cctv-15音乐,https://t.freetv.fun/live/cctv-15yin-le-6.m3u8
[HD]cctv-15音乐,https://t.freetv.fun/live/cctv-15yin-le-7.m3u8
[BD]cctv-15音乐,https://t.freetv.fun/live/cctv-15yin-le-10.m3u8
[SD]cctv-15音乐,https://t.freetv.fun/live/cctv-15yin-le-11.m3u8
[BD]cctv-16奥运,https://t.freetv.fun/live/cctv-16ao-yun.m3u8
[BD]cctv22,https://t.freetv.fun/live/cctv22.m3u8
[BD]cctv2-财经,https://t.freetv.fun/live/cctv2-cai-jing.m3u8
[VGA]cctv2-财经,https://t.freetv.fun/live/cctv2-cai-jing-1.m3u8
[VGA]cctv2-财经,https://t.freetv.fun/live/cctv2-cai-jing-4.m3u8
[BD]cctv4k,https://t.freetv.fun/live/cctv4k-2.m3u8
[HD]cctv4k,https://t.freetv.fun/live/cctv4k-3.m3u8
[BD]cctv-4k高清,https://t.freetv.fun/live/cctv-4kgao-qing.m3u8
[BD]cctv-4k高清,https://t.freetv.fun/live/cctv-4kgao-qing-1.m3u8
[BD]cctv-4k高清,https://t.freetv.fun/live/cctv-4kgao-qing-8.m3u8
[BD]cctv-4中文国际,https://t.freetv.fun/live/cctv-4zhong-wen-guo-ji.m3u8
[SD]cctv-4中文国际,https://t.freetv.fun/live/cctv-4zhong-wen-guo-ji-1.m3u8
[BD]cctv-4中文国际,https://t.freetv.fun/live/cctv-4zhong-wen-guo-ji-2.m3u8
[HD]cctv-4中文国际,https://t.freetv.fun/live/cctv-4zhong-wen-guo-ji-3.m3u8
[HD]cctv-4中文国际,https://t.freetv.fun/live/cctv-4zhong-wen-guo-ji-4.m3u8
[HD]cctv-4中文国际,https://t.freetv.fun/live/cctv-4zhong-wen-guo-ji-5.m3u8
[HD]cctv-4中文国际,https://t.freetv.fun/live/cctv-4zhong-wen-guo-ji-6.m3u8
[BD]cctv-4中文国际,https://t.freetv.fun/live/cctv-4zhong-wen-guo-ji-7.m3u8
[HD]cctv-4中文国际,https://t.freetv.fun/live/cctv-4zhong-wen-guo-ji-9.m3u8
[BD]cctv-4 中文国际,https://t.freetv.fun/live/cctv-4-zhong-wen-guo-ji.m3u8
[HD]cctv-4 中文国际,https://t.freetv.fun/live/cctv-4-zhong-wen-guo-ji-1.m3u8
[BD]cctv-4 中文国际,https://t.freetv.fun/live/cctv-4-zhong-wen-guo-ji-2.m3u8
[BD]cctv-4 中文国际,https://t.freetv.fun/live/cctv-4-zhong-wen-guo-ji-9.m3u8
[BD]cctv-4 中文国际,https://t.freetv.fun/live/cctv-4-zhong-wen-guo-ji-10.m3u8
[BD]cctv5 plus 2,https://t.freetv.fun/live/cctv5-plus-2-1.m3u8
[BD]cctv52,https://t.freetv.fun/live/cctv52.m3u8
[HD]cctv-5 plus体育赛事,https://t.freetv.fun/live/cctv-5-plusti-yu-sai-shi.m3u8
[BD]cctv-5 plus体育赛事,https://t.freetv.fun/live/cctv-5-plusti-yu-sai-shi-1.m3u8
[BD]cctv-5 plus体育赛事,https://t.freetv.fun/live/cctv-5-plusti-yu-sai-shi-2.m3u8
[BD]cctv-5 plus体育赛事,https://t.freetv.fun/live/cctv-5-plusti-yu-sai-shi-3.m3u8
[BD]cctv-5 plus体育赛事,https://t.freetv.fun/live/cctv-5-plusti-yu-sai-shi-4.m3u8
[BD]cctv6-电影,https://t.freetv.fun/live/cctv6-dian-ying-1.m3u8
[VGA]cctv6-电影,https://t.freetv.fun/live/cctv6-dian-ying-2.m3u8
[HD]cctv-4k超高清,https://t.freetv.fun/live/cctv-4kchao-gao-qing.m3u8
[SD]cctv8-电视剧,https://t.freetv.fun/live/cctv8-dian-shi-ju-1.m3u8
[BD]cctv第一剧场,https://t.freetv.fun/live/cctvdi-yi-ju-chang-2.m3u8
[BD]cctv-第一剧场,https://t.freetv.fun/live/cctv-di-yi-ju-chang.m3u8
[BD]cctv-第一剧场,https://t.freetv.fun/live/cctv-di-yi-ju-chang-1.m3u8
[BD]cctv-第一剧场,https://t.freetv.fun/live/cctv-di-yi-ju-chang-2.m3u8
[VGA]cctv-第一剧场,https://t.freetv.fun/live/cctv-di-yi-ju-chang-3.m3u8
[HD]cctv-第一剧场,https://t.freetv.fun/live/cctv-di-yi-ju-chang-5.m3u8
[BD]cctv-风云足球,https://t.freetv.fun/live/cctv-feng-yun-zu-qiu.m3u8
[BD]cctv-风云足球,https://t.freetv.fun/live/cctv-feng-yun-zu-qiu-1.m3u8
[BD]cctv-风云足球,https://t.freetv.fun/live/cctv-feng-yun-zu-qiu-2.m3u8
[BD]cctv-风云足球,https://t.freetv.fun/live/cctv-feng-yun-zu-qiu-3.m3u8
[BD]cctv-风云音乐,https://t.freetv.fun/live/cctv-feng-yun-yin-le.m3u8
[BD]cctv-风云音乐,https://t.freetv.fun/live/cctv-feng-yun-yin-le-1.m3u8
[HD]cctv-风云音乐,https://t.freetv.fun/live/cctv-feng-yun-yin-le-2.m3u8
[BD]cctv-风云音乐,https://t.freetv.fun/live/cctv-feng-yun-yin-le-3.m3u8
[BD]cctv-4k超高清,https://t.freetv.fun/live/cctv-4kchao-gao-qing-9.m3u8
[BD]cgntv japan,https://t.freetv.fun/live/cgntv-japan.m3u8
[HD]cgtn,https://t.freetv.fun/live/cgtn-1.m3u8
[HD]cgtn纪录,https://t.freetv.fun/live/cgtnji-lu-1.m3u8
[BD]cgtn documentary,https://t.freetv.fun/live/cgtn-documentary.m3u8
[BD]cgtn documentary,https://t.freetv.fun/live/cgtn-documentary-1.m3u8
[BD]cgtn documentary,https://t.freetv.fun/live/cgtn-documentary-2.m3u8
[SD]rt documentary,https://t.freetv.fun/live/rt-documentary.m3u8
[BD]documentary plus,https://t.freetv.fun/live/documentary-plus.m3u8
[SD]cgtn documentary (1080p),https://t.freetv.fun/live/cgtn-documentary-1080p.m3u8
[BD]cgtn-español,https://t.freetv.fun/live/cgtn-espanol.m3u8
[BD]cgtn français,https://t.freetv.fun/live/cgtn-francais.m3u8
[VGA]cgtn français,https://t.freetv.fun/live/cgtn-francais-2.m3u8
[BD]cgtn俄语,https://t.freetv.fun/live/cgtne-yu-1.m3u8
[BD]cgtn русский,https://t.freetv.fun/live/cgtn-russkii-1.m3u8
[BD]cgtn法语,https://t.freetv.fun/live/cgtnfa-yu.m3u8
[HD]cgtn纪录,https://t.freetv.fun/live/cgtnji-lu-1.m3u8
[BD]cgtn,https://t.freetv.fun/live/cgtn-1.m3u8
[BD]cgtn法语,https://t.freetv.fun/live/cgtnfa-yu-1.m3u8
[BD]cgtn俄语,https://t.freetv.fun/live/cgtne-yu-1.m3u8
[SD]cgtn,https://t.freetv.fun/live/cgtn-1-1.m3u8
[BD]cgtn法语,https://t.freetv.fun/live/cgtnfa-yu-2.m3u8
[HD]cgtn,https://t.freetv.fun/live/cgtn-3.m3u8
[HD]cgtn纪录,https://t.freetv.fun/live/cgtnji-lu-2.m3u8
[BD]cgtn俄语,https://t.freetv.fun/live/cgtne-yu-2.m3u8
[BD]cgtn,https://t.freetv.fun/live/cgtn-6.m3u8
[BD]cgtn,https://t.freetv.fun/live/cgtn-7.m3u8
[BD]cgtn,https://t.freetv.fun/live/cgtn-8.m3u8
[BD]cgtn法语,https://t.freetv.fun/live/cgtnfa-yu-3.m3u8
[BD]cgtn法语,https://t.freetv.fun/live/cgtnfa-yu-4.m3u8
[BD]cgtn新闻,https://t.freetv.fun/live/cgtnxin-wen.m3u8
[HD]cgtn新闻,https://t.freetv.fun/live/cgtnxin-wen-1.m3u8
[HD]cgtn新闻,https://t.freetv.fun/live/cgtnxin-wen-2.m3u8
[HD]cgtn新闻,https://t.freetv.fun/live/cgtnxin-wen-3.m3u8
[HD]cgtn,https://t.freetv.fun/live/cgtn-15.m3u8
[BD]test channel 3,https://t.freetv.fun/live/test-channel-3.m3u8
[SD]light channel,https://t.freetv.fun/live/light-channel.m3u8
[VGA]light channel,https://t.freetv.fun/live/light-channel-2.m3u8
[BD]chile channel,https://t.freetv.fun/live/chile-channel.m3u8
[BD]channel y,https://t.freetv.fun/live/channel-y.m3u8
[HD]mo channel,https://t.freetv.fun/live/mo-channel.m3u8
[HD]channel 11,https://t.freetv.fun/live/channel-11.m3u8
[HD]xplore channel,https://t.freetv.fun/live/xplore-channel.m3u8
[BD]gs channel,https://t.freetv.fun/live/gs-channel.m3u8
[HD]bom channel,https://t.freetv.fun/live/bom-channel.m3u8
[HD]kurd channel,https://t.freetv.fun/live/kurd-channel.m3u8
[SD]chile channel (720p),https://t.freetv.fun/live/chile-channel-720p.m3u8
[HD]chc动作电影,https://t.freetv.fun/live/chcdong-zuo-dian-ying-2.m3u8
[BD]chc动作电影,https://t.freetv.fun/live/chcdong-zuo-dian-ying-1.m3u8
[BD]chc动作电影,https://t.freetv.fun/live/chcdong-zuo-dian-ying-5.m3u8
[BD]chc家庭影院,https://t.freetv.fun/live/chcjia-ting-ying-yuan-1.m3u8
[BD]chc家庭影院,https://t.freetv.fun/live/chcjia-ting-ying-yuan-2.m3u8
[BD]chc家庭影院,https://t.freetv.fun/live/chcjia-ting-ying-yuan-4.m3u8
[HD]chc家庭影院,https://t.freetv.fun/live/chcjia-ting-ying-yuan.m3u8
[BD]chc影迷电影,https://t.freetv.fun/live/chcying-mi-dian-ying.m3u8
[HD]chc影迷电影,https://t.freetv.fun/live/chcying-mi-dian-ying-6.m3u8
[VGA]chc影迷电影,https://t.freetv.fun/live/chcying-mi-dian-ying-1.m3u8
[BD]chc影迷电影,https://t.freetv.fun/live/chcying-mi-dian-ying-4.m3u8
[BD]chc影迷电影,https://t.freetv.fun/live/chcying-mi-dian-ying-5.m3u8
[BD]chc影迷电影,https://t.freetv.fun/live/chcying-mi-dian-ying-9.m3u8
[BD]stingray classica,https://t.freetv.fun/live/stingray-classica.m3u8
[SD]stingray classica (1080p),https://t.freetv.fun/live/stingray-classica-1080p.m3u8
[BD]cmc,https://t.freetv.fun/live/cmc.m3u8
[HD]4music,https://t.freetv.fun/live/4music.m3u8
[HD]cnn brasil,https://t.freetv.fun/live/cnn-brasil.m3u8
[BD]cnn brasil,https://t.freetv.fun/live/cnn-brasil-2.m3u8
[BD]cna,https://t.freetv.fun/live/cna.m3u8
[BD]cgtn arabic,https://t.freetv.fun/live/cgtn-arabic.m3u8
[BD]cgtn arabic,https://t.freetv.fun/live/cgtn-arabic-1.m3u8
[BD]cnbc arabia,https://t.freetv.fun/live/cnbc-arabia.m3u8
[VGA]cnbc arabiya,https://t.freetv.fun/live/cnbc-arabiya.m3u8
[BD]cnbc,https://t.freetv.fun/live/cnbc.m3u8
[BD]cnbc,https://t.freetv.fun/live/cnbc-1.m3u8
[BD]cnn fast,https://t.freetv.fun/live/cnn-fast.m3u8
[SD]cnn,https://t.freetv.fun/live/cnn.m3u8
[BD]cnn,https://t.freetv.fun/live/cnn-1.m3u8
[BD]cnn,https://t.freetv.fun/live/cnn-6.m3u8
[BD]cnn go,https://t.freetv.fun/live/cnn-go.m3u8
[HD]cnbc indonesia,https://t.freetv.fun/live/cnbc-indonesia-1.m3u8
[HD]cnbc indonesia,https://t.freetv.fun/live/cnbc-indonesia-2.m3u8
[VGA]cnbc indonesia,https://t.freetv.fun/live/cnbc-indonesia-3.m3u8
[HD]cnn indonesia,https://t.freetv.fun/live/cnn-indonesia-3.m3u8
[BD]rt en español,https://t.freetv.fun/live/rt-en-espanol.m3u8
[BD]beyblade en español,https://t.freetv.fun/live/beyblade-en-espanol.m3u8
[VGA]crtv,https://t.freetv.fun/live/crtv-1.m3u8
[VGA]crtv,https://t.freetv.fun/live/crtv-1.m3u8
[VGA]haiti news channel,https://t.freetv.fun/live/haiti-news-channel-1.m3u8
[VGA]cbn news channel,https://t.freetv.fun/live/cbn-news-channel.m3u8
[BD]ctv8,https://t.freetv.fun/live/ctv8.m3u8
[BD]california music channel,https://t.freetv.fun/live/california-music-channel.m3u8
[VGA]impacto televisión,https://t.freetv.fun/live/impacto-television.m3u8
[HD]vía televisión,https://t.freetv.fun/live/via-television.m3u8
[HD]ucv televisión,https://t.freetv.fun/live/ucv-television.m3u8
[BD]canal 10,https://t.freetv.fun/live/canal-10.m3u8
[BD]canal 26,https://t.freetv.fun/live/canal-26.m3u8
[VGA]canal 26,https://t.freetv.fun/live/canal-26-1.m3u8
[HD]canal 38,https://t.freetv.fun/live/canal-38.m3u8
[BD]canal 32,https://t.freetv.fun/live/canal-32-1.m3u8
[HD]canal 3 pinamar,https://t.freetv.fun/live/canal-3-pinamar.m3u8
[HD]canal 3 tacural,https://t.freetv.fun/live/canal-3-tacural.m3u8
[HD]canal 3 formosa,https://t.freetv.fun/live/canal-3-formosa.m3u8
[HD]canal 4 posadas,https://t.freetv.fun/live/canal-4-posadas.m3u8
[HD]canal 4 teleaire,https://t.freetv.fun/live/canal-4-teleaire.m3u8
[HD]canal 8,https://t.freetv.fun/live/canal-8.m3u8
[HD]canal 6 posadas,https://t.freetv.fun/live/canal-6-posadas.m3u8
[HD]canal isb,https://t.freetv.fun/live/canal-isb.m3u8
[BD]canal san roque,https://t.freetv.fun/live/canal-san-roque.m3u8
[HD]canal 56,https://t.freetv.fun/live/canal-56.m3u8
[BD]canal alpha jura,https://t.freetv.fun/live/canal-alpha-jura.m3u8
[SD]canal 79 puan,https://t.freetv.fun/live/canal-79-puan.m3u8
[BD]canal catorce,https://t.freetv.fun/live/canal-catorce.m3u8
[HD]canal gov,https://t.freetv.fun/live/canal-gov.m3u8
[BD]canal terrassa,https://t.freetv.fun/live/canal-terrassa.m3u8
[BD]canal dtv,https://t.freetv.fun/live/canal-dtv.m3u8
[HD]ar parlamento,https://t.freetv.fun/live/ar-parlamento.m3u8
[HD]canal rural,https://t.freetv.fun/live/canal-rural.m3u8
[BD]telesur,https://t.freetv.fun/live/telesur.m3u8
[BD]canal sete,https://t.freetv.fun/live/canal-sete.m3u8
[BD]canal fdr,https://t.freetv.fun/live/canal-fdr.m3u8
[BD]canal tdc,https://t.freetv.fun/live/canal-tdc.m3u8
[BD]canal 99 miramar,https://t.freetv.fun/live/canal-99-miramar.m3u8
[BD]eduvision,https://t.freetv.fun/live/eduvision.m3u8
[BD]canal plus sport 2,https://t.freetv.fun/live/canal-plus-sport-2-1.m3u8
[BD]futbol,https://t.freetv.fun/live/futbol.m3u8
[BD]canal plus sport 2,https://t.freetv.fun/live/canal-plus-sport-2.m3u8
[BD]canal plus sport,https://t.freetv.fun/live/canal-plus-sport.m3u8
[BD]canal plus sport,https://t.freetv.fun/live/canal-plus-sport-1.m3u8
[HD]canale 7,https://t.freetv.fun/live/canale-7.m3u8
[VGA]campus tv,https://t.freetv.fun/live/campus-tv.m3u8
[SD]cartoonnetwork,https://t.freetv.fun/live/cartoonnetwork.m3u8
[HD]cartoon network,https://t.freetv.fun/live/cartoon-network.m3u8
[BD]cartoon network,https://t.freetv.fun/live/cartoon-network-1.m3u8
[HD]cartoon network,https://t.freetv.fun/live/cartoon-network-4.m3u8
[BD]cartoon network,https://t.freetv.fun/live/cartoon-network-5.m3u8
[HD]cartoonito,https://t.freetv.fun/live/cartoonito-1.m3u8
[HD]central tv,https://t.freetv.fun/live/central-tv.m3u8
[VGA]cetelmón tv,https://t.freetv.fun/live/cetelmon-tv.m3u8
[BD]arutz 10,https://t.freetv.fun/live/arutz-10.m3u8
[HD]reshet 13,https://t.freetv.fun/live/reshet-13-1.m3u8
[BD]channel 5,https://t.freetv.fun/live/channel-5.m3u8
[BD]channel 5,https://t.freetv.fun/live/channel-5-1.m3u8
[BD]channel 5,https://t.freetv.fun/live/channel-5-2.m3u8
[BD]channel 5,https://t.freetv.fun/live/channel-5-3.m3u8
[BD]channel 8,https://t.freetv.fun/live/channel-8.m3u8
[BD]channel 8,https://t.freetv.fun/live/channel-8-1.m3u8
[HD]chacra tv,https://t.freetv.fun/live/chacra-tv.m3u8
[BD]christian youth channel,https://t.freetv.fun/live/christian-youth-channel.m3u8
[VGA]christian youth channel (cyc) (1080p),https://t.freetv.fun/live/christian-youth-channel-cyc-1080p.m3u8
[VGA]classic cinema,https://t.freetv.fun/live/classic-cinema.m3u8
[SD]classic cinema (240p) [not 24/7],https://t.freetv.fun/live/classic-cinema-240p-not-24-7.m3u8
[HD]biz cinema,https://t.freetv.fun/live/biz-cinema.m3u8
[BD]4ever cinema,https://t.freetv.fun/live/4ever-cinema.m3u8
[HD]cinemaraton,https://t.freetv.fun/live/cinemaraton.m3u8
[SD]citytv,https://t.freetv.fun/live/citytv.m3u8
[VGA]tvs classic movies,https://t.freetv.fun/live/tvs-classic-movies.m3u8
[SD]tvs classic movies (288p),https://t.freetv.fun/live/tvs-classic-movies-288p.m3u8
[BD]coco tv,https://t.freetv.fun/live/coco-tv.m3u8
[BD]comedy central,https://t.freetv.fun/live/comedy-central.m3u8
[BD]cosmovision,https://t.freetv.fun/live/cosmovision.m3u8
[HD]ortb tv,https://t.freetv.fun/live/ortb-tv.m3u8
[BD]court tv,https://t.freetv.fun/live/court-tv.m3u8
[BD]dazn ringside,https://t.freetv.fun/live/dazn-ringside.m3u8
[HD]dazn1,rtmp://f13h.mine.nu/sat/tv731
[BD]dazn 4 50fps,https://t.freetv.fun/live/dazn-4-50fps.m3u8
[BD]dazn 3 50fps,https://t.freetv.fun/live/dazn-3-50fps.m3u8
[BD]dazn ppv,https://t.freetv.fun/live/dazn-ppv.m3u8
[BD]dd national,https://t.freetv.fun/live/dd-national.m3u8
[BD]deejay tv,https://t.freetv.fun/live/deejay-tv.m3u8
[HD]dieu tv,https://t.freetv.fun/live/dieu-tv.m3u8
[BD]digi sport 2,https://t.freetv.fun/live/digi-sport-2.m3u8
[BD]digi sport 3,https://t.freetv.fun/live/digi-sport-3.m3u8
[BD]digi sport 4,https://t.freetv.fun/live/digi-sport-4.m3u8
[VGA]Discovery Channel,https://t.freetv.fun/live/discovery-channel-1-1.m3u8
[BD]diva,https://t.freetv.fun/live/diva.m3u8
[HD]ning tv,https://t.freetv.fun/live/ning-tv.m3u8
[SD]dmax,https://t.freetv.fun/live/dmax.m3u8
[BD]dstv,https://t.freetv.fun/live/dstv.m3u8
[HD]dunya news,https://t.freetv.fun/live/dunya-news.m3u8
[HD]dunya news,https://t.freetv.fun/live/dunya-news-1.m3u8
[BD]dw english,https://t.freetv.fun/live/dw-english.m3u8
[HD]3abn english,https://t.freetv.fun/live/3abn-english-1.m3u8
[BD]telesur english,https://t.freetv.fun/live/telesur-english.m3u8
[VGA]3abn english,https://t.freetv.fun/live/3abn-english-1.m3u8
[VGA]telesur english,https://t.freetv.fun/live/telesur-english-2.m3u8
[HD]daai tv,https://t.freetv.fun/live/daai-tv.m3u8
[BD]das erste,https://t.freetv.fun/live/das-erste.m3u8
[HD]das erste,https://t.freetv.fun/live/das-erste-1.m3u8
[SD]das erste,https://t.freetv.fun/live/das-erste-2.m3u8
[BD]daystar tv,https://t.freetv.fun/live/daystar-tv.m3u8
[HD]ideaal tv,https://t.freetv.fun/live/ideaal-tv.m3u8
[HD]deluxe music winter time,https://t.freetv.fun/live/deluxe-music-winter-time.m3u8
[BD]diario tv,https://t.freetv.fun/live/diario-tv.m3u8
[BD]discovery channel,https://t.freetv.fun/live/discovery-channel.m3u8
[BD]discovery channel,https://t.freetv.fun/live/discovery-channel-1.m3u8
[HD]discovery channel,https://t.freetv.fun/live/discovery-channel-2.m3u8
[HD]discovery family channel,https://t.freetv.fun/live/discovery-family-channel.ts
[BD]discovery life,https://t.freetv.fun/live/discovery-life.ts
[HD]discovery science,https://t.freetv.fun/live/discovery-science.ts
[SD]discovery,https://t.freetv.fun/live/discovery.m3u8
[HD]discovery id,https://t.freetv.fun/live/discovery-id.m3u8
[HD]disney channel,https://t.freetv.fun/live/disney-channel-1.ts
[BD]disney channel,https://t.freetv.fun/live/disney-channel-2.m3u8
[HD]disneyjunior,https://t.freetv.fun/live/disneyjunior.m3u8
[SD]disney xd,https://t.freetv.fun/live/disney-xd.m3u8
[HD]disneyxd,https://t.freetv.fun/live/disneyxd.m3u8
[SD].sci-fi,https://t.freetv.fun/live/sci-fi.m3u8
[BD]docubox,https://t.freetv.fun/live/docubox.m3u8
[BD]doma,https://t.freetv.fun/live/doma.m3u8
[BD]dove channel,https://t.freetv.fun/live/dove-channel.m3u8
[VGA]ebse,https://t.freetv.fun/live/ebse.m3u8
[VGA]ebs1,https://t.freetv.fun/live/ebs1.m3u8
[HD]eet tv,https://t.freetv.fun/live/eet-tv.m3u8
[HD]eet tv,https://t.freetv.fun/live/eet-tv-1.m3u8
[SD]eet tv (1080p) [not 24/7],https://t.freetv.fun/live/eet-tv-1080p-not-24-7.m3u8
[BD]eitb 2,https://t.freetv.fun/live/eitb-2.m3u8
[VGA]tele8 tv,https://t.freetv.fun/live/tele8-tv.m3u8
[BD]elta体育1,https://t.freetv.fun/live/eltati-yu-1-1.m3u8
[BD]elta体育1,https://t.freetv.fun/live/eltati-yu-1-2.m3u8
[HD]cctv4美洲,https://t.freetv.fun/live/cctv4mei-zhou.m3u8
[BD]delta tv,https://t.freetv.fun/live/delta-tv.m3u8
[SD]delta tv,https://t.freetv.fun/live/delta-tv-1.m3u8
[VGA]delta tv,https://t.freetv.fun/live/delta-tv-2.m3u8
[BD]eska tv,https://t.freetv.fun/live/eska-tv.m3u8
[HD]espn brasil 2,https://t.freetv.fun/live/espn-brasil-2.m3u8
[HD]espn,https://t.freetv.fun/live/espn.m3u8
[SD]espn,https://t.freetv.fun/live/espn-1.m3u8
[BD]belsat tv,https://t.freetv.fun/live/belsat-tv.m3u8
[HD]etv,https://t.freetv.fun/live/etv.m3u8
[HD]etv ⓖ,https://t.freetv.fun/live/etv-g.m3u8
[HD]metv,https://t.freetv.fun/live/metv-1.m3u8
[HD]eagle news,https://t.freetv.fun/live/eagle-news.m3u8
[HD]el pingüino tv,https://t.freetv.fun/live/el-pinguino-tv-1.m3u8
[VGA]el pingüino tv,https://t.freetv.fun/live/el-pinguino-tv-2.m3u8
[BD]eleven sports 3,https://t.freetv.fun/live/eleven-sports-3.m3u8
[BD]eleven sports 2,https://t.freetv.fun/live/eleven-sports-2.m3u8
[BD]eleven sports 1,https://t.freetv.fun/live/eleven-sports-1.m3u8
[HD]elsharq tv,https://t.freetv.fun/live/elsharq-tv.m3u8
[BD]energy,https://t.freetv.fun/live/energy.m3u8
[SD]english club tv,https://t.freetv.fun/live/english-club-tv.m3u8
[BD]espreso tv,https://t.freetv.fun/live/espreso-tv-1.m3u8
[HD]entella tv,https://t.freetv.fun/live/entella-tv.m3u8
[HD]entella tv,https://t.freetv.fun/live/entella-tv-1.m3u8
[BD]tv estrella,https://t.freetv.fun/live/tv-estrella.m3u8
[HD]ewtn tv,https://t.freetv.fun/live/ewtn-tv.m3u8
[HD]euronews pt,https://t.freetv.fun/live/euronews-pt.m3u8
[SD]euronews,https://t.freetv.fun/live/euronews.m3u8
[HD]euronews,https://t.freetv.fun/live/euronews-2.m3u8
[SD]euronews,https://t.freetv.fun/live/euronews-5.m3u8
[BD]euronews german,https://t.freetv.fun/live/euronews-german.m3u8
[BD]eurosport 1 uhd 25fps,https://t.freetv.fun/live/eurosport-1-uhd-25fps.m3u8
[BD]eurosport 2,https://t.freetv.fun/live/eurosport-2.m3u8
[BD]eurosport 2,https://t.freetv.fun/live/eurosport-2-1.php
[BD]eurosport 2 25fps,https://t.freetv.fun/live/eurosport-2-25fps.m3u8
[BD]eurosport 2 25fps,https://t.freetv.fun/live/eurosport-2-25fps-1.m3u8
[BD]eurosport 2 uhd 25fps,https://t.freetv.fun/live/eurosport-2-uhd-25fps.m3u8
[BD]eurosport 2 uhd 25fps,https://t.freetv.fun/live/eurosport-2-uhd-25fps-1.m3u8
[SD]extreme sports,https://t.freetv.fun/live/extreme-sports.m3u8
[HD]the fishing and hunting,https://t.freetv.fun/live/the-fishing-and-hunting.m3u8
[SD]fox,https://t.freetv.fun/live/fox.m3u8
[BD]hbo movies,https://t.freetv.fun/live/hbo-movies.ts
[BD]fox sports,https://t.freetv.fun/live/fox-sports.m3u8
[HD]fox sports 2,https://t.freetv.fun/live/fox-sports-2.ts
[BD]fs1,https://t.freetv.fun/live/fs1.ts
[HD]fx tv,https://t.freetv.fun/live/fx-tv.m3u8
[HD]fnx,https://t.freetv.fun/live/fnx.m3u8
[SD]fnx [geo-blocked],https://t.freetv.fun/live/fnx-geo-blocked.m3u8
[SD]fashion tv,https://t.freetv.fun/live/fashion-tv.m3u8
[BD]fashion tv,https://t.freetv.fun/live/fashion-tv-1.m3u8
[SD]fashion tv,https://t.freetv.fun/live/fashion-tv-2.m3u8
[BD]ua fashion tv,https://t.freetv.fun/live/ua-fashion-tv.m3u8
[BD]world fashion channel en,https://t.freetv.fun/live/world-fashion-channel-en.m3u8
[VGA]funbox uhd,https://t.freetv.fun/live/funbox-uhd.m3u8
[HD]fenerbahçe tv,https://t.freetv.fun/live/fenerbahce-tv-1.m3u8
[BD]channel fight,https://t.freetv.fun/live/channel-fight.m3u8
[BD]sports first,https://t.freetv.fun/live/sports-first.m3u8
[HD]ftf sports,https://t.freetv.fun/live/ftf-sports.m3u8
[BD]fightbox,https://t.freetv.fun/live/fightbox.m3u8
[HD]premiere 5,https://t.freetv.fun/live/premiere-5.m3u8
[HD]premiere 6,https://t.freetv.fun/live/premiere-6.m3u8
[SD]filmbox arthouse,https://t.freetv.fun/live/filmbox-arthouse.m3u8
[SD]filmbox premium romania,https://t.freetv.fun/live/filmbox-premium-romania.m3u8
[HD]zee business,https://t.freetv.fun/live/zee-business.m3u8
[BD]fokus tv,https://t.freetv.fun/live/fokus-tv.m3u8
[SD]food network,https://t.freetv.fun/live/food-network.m3u8
[HD]food network,https://t.freetv.fun/live/food-network-1.m3u8
[BD]gfn football,https://t.freetv.fun/live/gfn-football.m3u8
[BD]formula,https://t.freetv.fun/live/formula.m3u8
[HD]fortuna tv,https://t.freetv.fun/live/fortuna-tv.m3u8
[BD]fortuna tv,https://t.freetv.fun/live/fortuna-tv-2.m3u8
[VGA]fox kids,https://t.freetv.fun/live/fox-kids.m3u8
[BD]fox life,https://t.freetv.fun/live/fox-life.php
[VGA]fox news channel,https://t.freetv.fun/live/fox-news-channel.m3u8
[HD]fox news channel,https://t.freetv.fun/live/fox-news-channel-1.m3u8
[HD]fox sports racing,https://t.freetv.fun/live/fox-sports-racing.ts
[HD]fox weather,https://t.freetv.fun/live/fox-weather-1.m3u8
[BD]france 24,https://t.freetv.fun/live/france-24.m3u8
[BD]france 24 español,https://t.freetv.fun/live/france-24-espanol.m3u8
[BD]france 24 français,https://t.freetv.fun/live/france-24-francais.m3u8
[BD]france 24 english,https://t.freetv.fun/live/france-24-english.m3u8
[BD]france 24 english,https://t.freetv.fun/live/france-24-english-1.m3u8
[BD]france3,https://t.freetv.fun/live/france3.m3u8
[HD]france 5,https://t.freetv.fun/live/france-5.m3u8
[BD]france5,https://t.freetv.fun/live/france5.m3u8
[BD]france2,https://t.freetv.fun/live/france2.m3u8
[BD]france4,https://t.freetv.fun/live/france4.m3u8
[BD]future lbn,https://t.freetv.fun/live/future-lbn.m3u8
[VGA]future tv,https://t.freetv.fun/live/future-tv.m3u8
[VGA]iraq future,https://t.freetv.fun/live/iraq-future.m3u8
[BD]usa,https://t.freetv.fun/live/usa.ts
[SD]usa,https://t.freetv.fun/live/usa-1.m3u8
[VGA]geo kahani (360p),https://t.freetv.fun/live/geo-kahani-360p.m3u8
[VGA]global tv,https://t.freetv.fun/live/global-tv.m3u8
[HD]global tv,https://t.freetv.fun/live/global-tv-1.m3u8
[HD]global tv,https://t.freetv.fun/live/global-tv-2.m3u8
[BD]soltv,https://t.freetv.fun/live/soltv-1.m3u8
[BD]bfm grand lille,https://t.freetv.fun/live/bfm-grand-lille-1.m3u8
[HD]gstv,https://t.freetv.fun/live/gstv.m3u8
[SD]gtv,https://t.freetv.fun/live/gtv.m3u8
[HD]ugtv,https://t.freetv.fun/live/ugtv.m3u8
[VGA]ibn tv africa (720p),https://t.freetv.fun/live/ibn-tv-africa-720p.m3u8
[SD]galaxy,https://t.freetv.fun/live/galaxy.m3u8
[HD]haber global,https://t.freetv.fun/live/haber-global-1.m3u8
[HD]global news,https://t.freetv.fun/live/global-news.m3u8
[HD]globo news,https://t.freetv.fun/live/globo-news.m3u8
[HD]global news,https://t.freetv.fun/live/global-news-1.m3u8
[HD]good idea tv,https://t.freetv.fun/live/good-idea-tv.m3u8
[HD]feel good tv,https://t.freetv.fun/live/feel-good-tv.m3u8
[BD]goodtv,https://t.freetv.fun/live/goodtv.m3u8
[BD]rajeen tv,https://t.freetv.fun/live/rajeen-tv.m3u8
[BD]green tv,https://t.freetv.fun/live/green-tv.m3u8
[VGA]gulli,https://t.freetv.fun/live/gulli.m3u8
[BD]uma tv,https://t.freetv.fun/live/uma-tv.m3u8
[BD]h1,https://t.freetv.fun/live/h1.m3u8
[HD]hbo family,https://t.freetv.fun/live/hbo-family.m3u8
[BD]cbn family,https://t.freetv.fun/live/cbn-family.m3u8
[HD]HBO Family *tv,https://t.freetv.fun/live/hbo-family-tv.ts
[BD]HBO HD *tv,https://t.freetv.fun/live/hbo-hd-tv.ts
[HD]HBO Hits *tv,https://t.freetv.fun/live/hbo-hits-tv.ts
[BD]epic tv digital,https://t.freetv.fun/live/epic-tv-digital.m3u8
[BD]hoytv,https://t.freetv.fun/live/hoytv.m3u8
[BD]hoytv,https://t.freetv.fun/live/hoytv-1.m3u8
[BD]punktum fernsehen,https://t.freetv.fun/live/punktum-fernsehen.m3u8
[HD]saarland fernsehen 2,https://t.freetv.fun/live/saarland-fernsehen-2.m3u8
[BD]dresden fernsehen,https://t.freetv.fun/live/dresden-fernsehen.m3u8
[SD]rtv hb,https://t.freetv.fun/live/rtv-hb.m3u8
[HD]hub sports,https://t.freetv.fun/live/hub-sports.m3u8
[HD]hallo movies,https://t.freetv.fun/live/hallo-movies.m3u8
[VGA]shalom tv,https://t.freetv.fun/live/shalom-tv.m3u8
[HD]shalom tv,https://t.freetv.fun/live/shalom-tv-1.m3u8
[BD]alpo tv,https://t.freetv.fun/live/alpo-tv.m3u8
[BD]noa 4 hamburg,https://t.freetv.fun/live/noa-4-hamburg.m3u8
[VGA]life tv,https://t.freetv.fun/live/life-tv.m3u8
[HD]life tv,https://t.freetv.fun/live/life-tv-1.m3u8
[HD]ava series,https://t.freetv.fun/live/ava-series.m3u8
[BD]hi-yah!,https://t.freetv.fun/live/hi-yah.m3u8
[BD]hi-yah! (1080p),https://t.freetv.fun/live/hi-yah-1080p.m3u8
[HD]storychannel tv,https://t.freetv.fun/live/storychannel-tv.m3u8
[VGA]storychannel tv (720p),https://t.freetv.fun/live/storychannel-tv-720p.m3u8
[BD]history,https://t.freetv.fun/live/history.m3u8
[BD]history hunters,https://t.freetv.fun/live/history-hunters.m3u8
[HD]history,https://t.freetv.fun/live/history-1.m3u8
[HD]history 1,https://t.freetv.fun/live/history-1-1.m3u8
[HD]true history (720p),https://t.freetv.fun/live/true-history-720p.m3u8
[HD]history,https://t.freetv.fun/live/history-3.m3u8
[HD]true history,https://t.freetv.fun/live/true-history-1.m3u8
[BD]history2,https://t.freetv.fun/live/history2.m3u8
[BD]xite hits,https://t.freetv.fun/live/xite-hits-1.m3u8
[HD]hollywire,https://t.freetv.fun/live/hollywire-1.m3u8
[SD]hollywire (720p),https://t.freetv.fun/live/hollywire-720p.m3u8
[BD]hollywood,https://t.freetv.fun/live/hollywood.m3u8
[BD]young hollywood,https://t.freetv.fun/live/young-hollywood.m3u8
[HD]horse and country,https://t.freetv.fun/live/horse-and-country-1.m3u8
[HD]hosanna vision,https://t.freetv.fun/live/hosanna-vision.m3u8
[HD]i24news,https://t.freetv.fun/live/i24news.m3u8
[BD]ictv,https://t.freetv.fun/live/ictv.m3u8
[BD]ictv,https://t.freetv.fun/live/ictv-1.m3u8
[HD]iipc tv,https://t.freetv.fun/live/iipc-tv.m3u8
[BD]iipc tv,https://t.freetv.fun/live/iipc-tv-1.m3u8
[HD]iipc tv (480p) [geo-blocked],https://t.freetv.fun/live/iipc-tv-480p-geo-blocked.m3u8
[BD]imam hussein tv 1,https://t.freetv.fun/live/imam-hussein-tv-1.m3u8
[BD]imam hussein tv 4,https://t.freetv.fun/live/imam-hussein-tv-4.m3u8
[BD]imam hussein tv 4,https://t.freetv.fun/live/imam-hussein-tv-4-1.m3u8
[HD]tin tv,https://t.freetv.fun/live/tin-tv.m3u8
[HD]ibn tv,https://t.freetv.fun/live/ibn-tv.m3u8
[HD]tin tv,https://t.freetv.fun/live/tin-tv-1.m3u8
[BD]insighttv,https://t.freetv.fun/live/insighttv.m3u8
[HD]wion,https://t.freetv.fun/live/wion.m3u8
[BD]ishtar tv,https://t.freetv.fun/live/ishtar-tv.m3u8
[HD]istv,https://t.freetv.fun/live/istv.m3u8
[VGA]itv,https://t.freetv.fun/live/itv-1.m3u8
[BD]itv1,https://t.freetv.fun/live/itv1-1.m3u8
[HD]itv patagonia,https://t.freetv.fun/live/itv-patagonia.m3u8
[SD]itv2,https://t.freetv.fun/live/itv2.m3u8
[SD]itv3,https://t.freetv.fun/live/itv3.m3u8
[SD]itv4,https://t.freetv.fun/live/itv4.m3u8
[BD]oasis tv,https://t.freetv.fun/live/oasis-tv.m3u8
[HD]vc online,https://t.freetv.fun/live/vc-online.m3u8
[BD]cindie tv,https://t.freetv.fun/live/cindie-tv.m3u8
[HD]ionian channel,https://t.freetv.fun/live/ionian-channel.m3u8
[VGA]tv 1,https://t.freetv.fun/live/tv-1-1.php
[BD]英国premier sports 1,https://t.freetv.fun/live/ying-guo-premier-sports-1.m3u8
[BD]true sports 1,https://t.freetv.fun/live/true-sports-1.m3u8
[BD]英国premier sports 2,https://t.freetv.fun/live/ying-guo-premier-sports-2.m3u8
[VGA]jtv tv,https://t.freetv.fun/live/jtv-tv.m3u8
[HD]jitv,https://t.freetv.fun/live/jitv.m3u8
[BD]san luis plus,https://t.freetv.fun/live/san-luis-plus.m3u8
[BD]1 plus 1 марафон,https://t.freetv.fun/live/1-plus-1-marafon-2.m3u8
[BD]1 plus 1 марафон,https://t.freetv.fun/live/1-plus-1-marafon-3.m3u8
[SD]k24,https://t.freetv.fun/live/k24.m3u8
[BD]anal,https://t.freetv.fun/live/anal.m3u8
[HD]kctv,https://t.freetv.fun/live/kctv.m3u8
[HD]khl,https://t.freetv.fun/live/khl.m3u8
[HD]xtrema kids tv,https://t.freetv.fun/live/xtrema-kids-tv.m3u8
[VGA]extrema kids tv,https://t.freetv.fun/live/extrema-kids-tv.m3u8
[BD]ktv 1,https://t.freetv.fun/live/ktv-1.m3u8
[BD]kohavision,https://t.freetv.fun/live/kohavision-1.m3u8
[BD]kuriakos tv,https://t.freetv.fun/live/kuriakos-tv.m3u8
[BD]kabel eins,https://t.freetv.fun/live/kabel-eins.m3u8
[HD]kanal 23,https://t.freetv.fun/live/kanal-23.m3u8
[VGA]24 kanal,https://t.freetv.fun/live/24-kanal.m3u8
[SD]kanal d,https://t.freetv.fun/live/kanal-d.m3u8
[HD]kanal v antalya,https://t.freetv.fun/live/kanal-v-antalya.m3u8
[BD]kanal 23 elaziğ,https://t.freetv.fun/live/kanal-23-elazig.m3u8
[VGA]kanal v,https://t.freetv.fun/live/kanal-v.m3u8
[HD]kanal 58,https://t.freetv.fun/live/kanal-58.m3u8
[HD]kanal 15 burdur,https://t.freetv.fun/live/kanal-15-burdur.m3u8
[VGA]kanal 58 sivas,https://t.freetv.fun/live/kanal-58-sivas.m3u8
[HD]kanal firat,https://t.freetv.fun/live/kanal-firat.m3u8
[VGA]kanal 58,https://t.freetv.fun/live/kanal-58-1.m3u8
[VGA]kanal 15,https://t.freetv.fun/live/kanal-15.m3u8
[SD]kanal d2,https://t.freetv.fun/live/kanal-d2.m3u8
[BD]karbala tv channel,https://t.freetv.fun/live/karbala-tv-channel.ts
[BD]qazsport,https://t.freetv.fun/live/qazsport.m3u8
[HD]kika,https://t.freetv.fun/live/kika.m3u8
[BD]cielo tv,https://t.freetv.fun/live/cielo-tv.m3u8
[HD]miel tv,https://t.freetv.fun/live/miel-tv.m3u8
[BD]tvp info,https://t.freetv.fun/live/tvp-info.m3u8
[SD]kino tv,https://t.freetv.fun/live/kino-tv-1.m3u8
[BD]kiss tv,https://t.freetv.fun/live/kiss-tv.m3u8
[HD]kiss kiss tv,https://t.freetv.fun/live/kiss-kiss-tv-1.m3u8
[VGA]kiss tv,https://t.freetv.fun/live/kiss-tv-1.m3u8
[HD]music pop,https://t.freetv.fun/live/music-pop.m3u8
[HD]kurdistan tv,https://t.freetv.fun/live/kurdistan-tv.m3u8
[BD]kuriakos kids,https://t.freetv.fun/live/kuriakos-kids.m3u8
[BD]kuriakos kids,https://t.freetv.fun/live/kuriakos-kids-1.m3u8
[BD]kuwait tv ethraa,https://t.freetv.fun/live/kuwait-tv-ethraa.m3u8
[BD]kuwait tv sport plus,https://t.freetv.fun/live/kuwait-tv-sport-plus.m3u8
[BD]kuwait tv sports,https://t.freetv.fun/live/kuwait-tv-sports.m3u8
[VGA]kuwait tv 1,https://t.freetv.fun/live/kuwait-tv-1.m3u8
[BD]amc europe,https://t.freetv.fun/live/amc-europe.m3u8
[VGA]музыка 2 international,https://t.freetv.fun/live/muzyka-2-international.m3u8
[HD]afghanistan international,https://t.freetv.fun/live/afghanistan-international.m3u8
[HD]iran international,https://t.freetv.fun/live/iran-international.m3u8
[VGA]детское кино international,https://t.freetv.fun/live/detskoe-kino-international.m3u8
[VGA]музыка кино international,https://t.freetv.fun/live/muzyka-kino-international-1.m3u8
[VGA]kino 1 international,https://t.freetv.fun/live/kino-1-international.m3u8
[BD]lfc,https://t.freetv.fun/live/lfc.m3u8
[SD]biznet lifestyle,https://t.freetv.fun/live/biznet-lifestyle.m3u8
[BD]tele elx,https://t.freetv.fun/live/tele-elx.m3u8
[BD]leipzig fernsehen,https://t.freetv.fun/live/leipzig-fernsehen.m3u8
[BD]lider tv,https://t.freetv.fun/live/lider-tv.m3u8
[BD]logos tv,https://t.freetv.fun/live/logos-tv-1.m3u8
[BD]nghe an tv,https://t.freetv.fun/live/nghe-an-tv.m3u8
[BD]love nature,https://t.freetv.fun/live/love-nature-1.m3u8
[HD]love nature,https://t.freetv.fun/live/love-nature-2.m3u8
[BD]love nature,https://t.freetv.fun/live/love-nature-3.m3u8
[BD]avtoradio ukraine,https://t.freetv.fun/live/avtoradio-ukraine.m3u8
[HD]music black,https://t.freetv.fun/live/music-black.m3u8
[HD]music hits,https://t.freetv.fun/live/music-hits.m3u8
[BD]makao tv,https://t.freetv.fun/live/makao-tv.m3u8
[VGA]makkal tv,https://t.freetv.fun/live/makkal-tv.m3u8
[BD]marsella tv,https://t.freetv.fun/live/marsella-tv.m3u8
[VGA]mas23 tv,https://t.freetv.fun/live/mas23-tv.m3u8
[HD]tv max,https://t.freetv.fun/live/tv-max.m3u8
[HD]netmax tv,https://t.freetv.fun/live/netmax-tv.m3u8
[BD]mbc masr 2,https://t.freetv.fun/live/mbc-masr-2.m3u8
[HD]2 plus 2 sd,https://t.freetv.fun/live/2-plus-2-sd.m3u8
[HD]2 plus 2,https://t.freetv.fun/live/2-plus-2.m3u8
[SD]mcm top,https://t.freetv.fun/live/mcm-top-1.m3u8
[HD]metro tv,https://t.freetv.fun/live/metro-tv.m3u8
[BD]metro tv,https://t.freetv.fun/live/metro-tv-2.m3u8
[HD]metro tv,https://t.freetv.fun/live/metro-tv-3.m3u8
[BD]moldova 1,https://t.freetv.fun/live/moldova-1.m3u8
[SD]moldova 1 (1080p),https://t.freetv.fun/live/moldova-1-1080p.m3u8
[BD]momo親子,https://t.freetv.fun/live/momoqin-zi.m3u8
[VGA]tvs drive in movie,https://t.freetv.fun/live/tvs-drive-in-movie.m3u8
[BD]mytime movie network,https://t.freetv.fun/live/mytime-movie-network-2.m3u8
[BD]悬疑movie,https://t.freetv.fun/live/xuan-yi-movie.m3u8
[SD]tvs drive in movie (360p),https://t.freetv.fun/live/tvs-drive-in-movie-360p.m3u8
[BD]new k.movies,https://t.freetv.fun/live/new-k-movies.m3u8
[BD]new kmovies,https://t.freetv.fun/live/new-kmovies.m3u8
[VGA]rmtv,https://t.freetv.fun/live/rmtv.m3u8
[BD]mtv,https://t.freetv.fun/live/mtv-1.m3u8
[HD]mtv,https://t.freetv.fun/live/mtv-1-1.m3u8
[SD]mtv,https://t.freetv.fun/live/mtv-2.m3u8
[BD]pulse,https://t.freetv.fun/live/pulse.m3u8
[BD]mutv,https://t.freetv.fun/live/mutv.m3u8
[BD]nw magazine,https://t.freetv.fun/live/nw-magazine.m3u8
[BD]nw magazine,https://t.freetv.fun/live/nw-magazine-1.m3u8
[HD]magic tv,https://t.freetv.fun/live/magic-tv.m3u8
[HD]muzangala tv,https://t.freetv.fun/live/muzangala-tv.m3u8
[VGA]magna tv,https://t.freetv.fun/live/magna-tv.m3u8
[BD]ahora tv,https://t.freetv.fun/live/ahora-tv.m3u8
[HD]karcag tv,https://t.freetv.fun/live/karcag-tv.m3u8
[HD]mega tv,https://t.freetv.fun/live/mega-tv.m3u8
[BD]magna vision,https://t.freetv.fun/live/magna-vision.m3u8
[BD]megavision canal 43,https://t.freetv.fun/live/megavision-canal-43.m3u8
[BD]megavisión,https://t.freetv.fun/live/megavision.m3u8
[BD]minika cocuk,https://t.freetv.fun/live/minika-cocuk.m3u8
[HD]minika go,https://t.freetv.fun/live/minika-go.m3u8
[VGA]minika çocuk,https://t.freetv.fun/live/minika-cocuk-1.m3u8
[SD]minimax,https://t.freetv.fun/live/minimax.m3u8
[VGA]minimax,https://t.freetv.fun/live/minimax-1.m3u8
[VGA]mir 24,https://t.freetv.fun/live/mir-24-1.m3u8
[VGA]miracle tv,https://t.freetv.fun/live/miracle-tv.m3u8
[VGA]mor tv,https://t.freetv.fun/live/mor-tv.m3u8
[BD]solo tv,https://t.freetv.fun/live/solo-tv.m3u8
[BD]musawa,https://t.freetv.fun/live/musawa.m3u8
[HD]zerouno tv music,https://t.freetv.fun/live/zerouno-tv-music.m3u8
[BD]myzen fit,https://t.freetv.fun/live/myzen-fit.m3u8
[BD]myzen fit,https://t.freetv.fun/live/myzen-fit-1.m3u8
[SD]nat geo wild,https://t.freetv.fun/live/nat-geo-wild.m3u8
[HD]nat geo wild,https://t.freetv.fun/live/nat-geo-wild-1.m3u8
[HD]nat geo wild,https://t.freetv.fun/live/nat-geo-wild-2.m3u8
[BD]nat geo wild,https://t.freetv.fun/live/nat-geo-wild-3.m3u8
[BD]wild nature,https://t.freetv.fun/live/wild-nature.m3u8
[HD]nbatv,https://t.freetv.fun/live/nbatv.m3u8
[BD]nbc news now,https://t.freetv.fun/live/nbc-news-now.m3u8
[BD]nbc news now,https://t.freetv.fun/live/nbc-news-now-1.m3u8
[BD]黔南,rtmp://tv.qntv.net/channellive/ch1
[BD]nbt,https://t.freetv.fun/live/nbt.m3u8
[HD]ndtv,https://t.freetv.fun/live/ndtv.m3u8
[VGA]nea tv,https://t.freetv.fun/live/nea-tv-1.m3u8
[BD]eko tv,https://t.freetv.fun/live/eko-tv-1.m3u8
[BD]nexo tv,https://t.freetv.fun/live/nexo-tv.m3u8
[BD]neo tv,https://t.freetv.fun/live/neo-tv.m3u8
[SD]南方卫视,https://t.freetv.fun/live/nan-fang-wei-shi.m3u8
[SD]ntd tv,https://t.freetv.fun/live/ntd-tv-1.m3u8
[SD]nieta tv,https://t.freetv.fun/live/nieta-tv.m3u8
[HD]lao net tv,https://t.freetv.fun/live/lao-net-tv.m3u8
[SD]móra-net tv,https://t.freetv.fun/live/mora-net-tv.m3u8
[BD]ntd tv,https://t.freetv.fun/live/ntd-tv.m3u8
[SD]nhkworld,https://t.freetv.fun/live/nhkworld.m3u8
[BD]nhk world-japan,https://t.freetv.fun/live/nhk-world-japan.m3u8
[BD]unife tv,https://t.freetv.fun/live/unife-tv.m3u8
[SD]noursat,https://t.freetv.fun/live/noursat.m3u8
[BD]now新闻,https://t.freetv.fun/live/nowxin-wen.m3u8
[BD]ntn,https://t.freetv.fun/live/ntn.m3u8
[HD]ntv,https://t.freetv.fun/live/ntv.m3u8
[HD]nhtv,https://t.freetv.fun/live/nhtv.m3u8
[HD]national geographic,https://t.freetv.fun/live/national-geographic.m3u8
[SD]national geographic,https://t.freetv.fun/live/national-geographic-2.m3u8
[SD]nationalgeographic,https://t.freetv.fun/live/nationalgeographic.m3u8
[HD]latina tv,https://t.freetv.fun/live/latina-tv.m3u8
[VGA]latina tv,https://t.freetv.fun/live/latina-tv-1.m3u8
[HD]newkid4,https://t.freetv.fun/live/newkid4.m3u8
[BD]newsmax tv,https://t.freetv.fun/live/newsmax-tv.m3u8
[HD]nick jr,https://t.freetv.fun/live/nick-jr.m3u8
[HD]nick jr,https://t.freetv.fun/live/nick-jr-1.m3u8
[HD]nick,https://t.freetv.fun/live/nick.m3u8
[BD]nick,https://t.freetv.fun/live/nick-1.m3u8
[SD]nickjr,https://t.freetv.fun/live/nickjr.m3u8
[BD]nickelodeon,https://t.freetv.fun/live/nickelodeon.m3u8
[SD]nickelodeon,https://t.freetv.fun/live/nickelodeon-2.m3u8
[BD]nickelodeon,https://t.freetv.fun/live/nickelodeon-3.m3u8
[SD]nickelodeon,https://t.freetv.fun/live/nickelodeon-4.m3u8
[SD]nicktoons,https://t.freetv.fun/live/nicktoons.m3u8
[HD]bx culture,https://t.freetv.fun/live/bx-culture.m3u8
[BD]action hollywood movies,https://t.freetv.fun/live/action-hollywood-movies-2.m3u8
[HD]noor tv,https://t.freetv.fun/live/noor-tv.m3u8
[VGA]noor tv,https://t.freetv.fun/live/noor-tv-1.m3u8
[SD]noor tv (720p),https://t.freetv.fun/live/noor-tv-720p.m3u8
[BD]ozono tv,https://t.freetv.fun/live/ozono-tv.m3u8
[BD]soona tv,https://t.freetv.fun/live/soona-tv.m3u8
[BD]nour tv,https://t.freetv.fun/live/nour-tv.m3u8
[VGA]nour tv,https://t.freetv.fun/live/nour-tv-1.m3u8
[HD]tv nova,https://t.freetv.fun/live/tv-nova.m3u8
[VGA]tv nova,https://t.freetv.fun/live/tv-nova-1.m3u8
[BD]ocn tv,https://t.freetv.fun/live/ocn-tv-1.m3u8
[HD]sony movies,https://t.freetv.fun/live/sony-movies.m3u8
[BD]ok wernigerode,https://t.freetv.fun/live/ok-wernigerode.m3u8
[HD]company tv,https://t.freetv.fun/live/company-tv.m3u8
[SD]komsan tv,https://t.freetv.fun/live/komsan-tv.m3u8
[HD]onni tv,https://t.freetv.fun/live/onni-tv.m3u8
[SD]onda tv,https://t.freetv.fun/live/onda-tv-1.m3u8
[VGA]ocn tv,https://t.freetv.fun/live/ocn-tv-1.m3u8
[BD]otv lbn,https://t.freetv.fun/live/otv-lbn.m3u8
[BD]votv,https://t.freetv.fun/live/votv.m3u8
[BD]otv,https://t.freetv.fun/live/otv.m3u8
[VGA]rlive tv,https://t.freetv.fun/live/rlive-tv.m3u8
[HD]onda tv,https://t.freetv.fun/live/onda-tv.m3u8
[HD]tv one,https://t.freetv.fun/live/tv-one.m3u8
[HD]tv one,https://t.freetv.fun/live/tv-one-1.m3u8
[HD]ortm 2,https://t.freetv.fun/live/ortm-2.m3u8
[VGA]ortm2,https://t.freetv.fun/live/ortm2.m3u8
[BD]outdoor channel,https://t.freetv.fun/live/outdoor-channel.m3u8
[HD]music,https://t.freetv.fun/live/music.m3u8
[BD]pet club tv,https://t.freetv.fun/live/pet-club-tv.m3u8
[BD]pet club tv,https://t.freetv.fun/live/pet-club-tv-1.m3u8
[HD]pmc,https://t.freetv.fun/live/pmc.m3u8
[SD]press tv,https://t.freetv.fun/live/press-tv.m3u8
[SD]iran press (720p),https://t.freetv.fun/live/iran-press-720p.m3u8
[VGA]iran press,https://t.freetv.fun/live/iran-press.m3u8
[BD]prima tv,https://t.freetv.fun/live/prima-tv.m3u8
[VGA]tvs sports,https://t.freetv.fun/live/tvs-sports.m3u8
[SD]tvs sports (720p) [not 24/7],https://t.freetv.fun/live/tvs-sports-720p-not-24-7.m3u8
[BD]tvp world,https://t.freetv.fun/live/tvp-world.m3u8
[BD]kcat public media tv,https://t.freetv.fun/live/kcat-public-media-tv.m3u8
[VGA]kcat public media tv (1080p),https://t.freetv.fun/live/kcat-public-media-tv-1080p.m3u8
[BD]palestine edu,https://t.freetv.fun/live/palestine-edu.m3u8
[VGA]palestine tv pbc,https://t.freetv.fun/live/palestine-tv-pbc.m3u8
[HD]tvr parlemen,https://t.freetv.fun/live/tvr-parlemen.m3u8
[HD]tvr parlemen,https://t.freetv.fun/live/tvr-parlemen-1.m3u8
[BD]big planet,https://t.freetv.fun/live/big-planet.m3u8
[BD]premier sports 1,https://t.freetv.fun/live/premier-sports-1.ts
[BD]premier sports 2,https://t.freetv.fun/live/premier-sports-2-1.ts
[BD]qvc,https://t.freetv.fun/live/qvc.m3u8
[HD]qvc,https://t.freetv.fun/live/qvc-1.m3u8
[BD]welat tv,https://t.freetv.fun/live/welat-tv.m3u8
[BD]rtc quarta rete,https://t.freetv.fun/live/rtc-quarta-rete.m3u8
[HD]uranio tv,https://t.freetv.fun/live/uranio-tv.m3u8
[HD]radio 51 tv,https://t.freetv.fun/live/radio-51-tv.m3u8
[BD]radio monte kronio tv,https://t.freetv.fun/live/radio-monte-kronio-tv.m3u8
[BD]nrb tv,https://t.freetv.fun/live/nrb-tv.m3u8
[BD]rbw,https://t.freetv.fun/live/rbw.m3u8
[SD]retro tv,https://t.freetv.fun/live/retro-tv-1.m3u8
[HD]retrox tv,https://t.freetv.fun/live/retrox-tv.m3u8
[BD]rmcdecouverte,https://t.freetv.fun/live/rmcdecouverte.m3u8
[BD]rouge tv,https://t.freetv.fun/live/rouge-tv.m3u8
[VGA]rtd,https://t.freetv.fun/live/rtd.m3u8
[SD]irt,https://t.freetv.fun/live/irt.m3u8
[VGA]abn africa,https://t.freetv.fun/live/abn-africa.m3u8
[VGA]abn africa (480p),https://t.freetv.fun/live/abn-africa-480p.m3u8
[BD]rtb sukmaindera,https://t.freetv.fun/live/rtb-sukmaindera-1.m3u8
[SD]rtb sukmaindera (720p),https://t.freetv.fun/live/rtb-sukmaindera-720p.m3u8
[HD]rtg,https://t.freetv.fun/live/rtg.m3u8
[BD]rtg,https://t.freetv.fun/live/rtg-1.m3u8
[HD]rtg tv,https://t.freetv.fun/live/rtg-tv.m3u8
[BD]rtl9,https://t.freetv.fun/live/rtl9.m3u8
[SD]rte news,https://t.freetv.fun/live/rte-news.m3u8
[SD]ritmu tv,https://t.freetv.fun/live/ritmu-tv.m3u8
[VGA]tm1,https://t.freetv.fun/live/tm1.m3u8
[SD]rtnc,https://t.freetv.fun/live/rtnc.m3u8
[SD]rtp açores,https://t.freetv.fun/live/rtp-acores.m3u8
[HD]rtp açores,https://t.freetv.fun/live/rtp-acores-1.m3u8
[BD]azteca internacional,https://t.freetv.fun/live/azteca-internacional-1.m3u8
[BD]madeira,https://t.freetv.fun/live/madeira.m3u8
[SD]rtp madeira,https://t.freetv.fun/live/rtp-madeira.m3u8
[SD]rtp madeira,https://t.freetv.fun/live/rtp-madeira-1.m3u8
[HD]rts 2,https://t.freetv.fun/live/rts-2.m3u8
[BD]rts1,https://t.freetv.fun/live/rts1.m3u8
[BD]rtv,https://t.freetv.fun/live/rtv.m3u8
[HD]rtv 21 albania,https://t.freetv.fun/live/rtv-21-albania.m3u8
[SD]afghanistan international (720p),https://t.freetv.fun/live/afghanistan-international-720p.m3u8
[BD]rtv rijnmond,https://t.freetv.fun/live/rtv-rijnmond.m3u8
[VGA]rtvi,https://t.freetv.fun/live/rtvi.m3u8
[BD]cruz tv,https://t.freetv.fun/live/cruz-tv-1.m3u8
[SD]cruz tv,https://t.freetv.fun/live/cruz-tv-1.m3u8
[BD]usa today,https://t.freetv.fun/live/usa-today.m3u8
[BD]russiatoday,https://t.freetv.fun/live/russiatoday.m3u8
[BD]radio weser tv bremen,https://t.freetv.fun/live/radio-weser-tv-bremen.m3u8
[HD]radio karolina tv,https://t.freetv.fun/live/radio-karolina-tv.m3u8
[BD]radio norba tv,https://t.freetv.fun/live/radio-norba-tv.m3u8
[BD]rhema tv,https://t.freetv.fun/live/rhema-tv.m3u8
[VGA]rhema tv,https://t.freetv.fun/live/rhema-tv-1.m3u8
[VGA]real madrid tv,https://t.freetv.fun/live/real-madrid-tv.m3u8
[HD]record news,https://t.freetv.fun/live/record-news.m3u8
[BD]red bull tv,https://t.freetv.fun/live/red-bull-tv-3.m3u8
[BD]red bull tv,https://t.freetv.fun/live/red-bull-tv.m3u8
[HD]super!,https://t.freetv.fun/live/super.m3u8
[HD]reggiotv,https://t.freetv.fun/live/reggiotv.m3u8
[VGA]reggio tv,https://t.freetv.fun/live/reggio-tv.m3u8
[VGA]retrô cartoon 1,https://t.freetv.fun/live/retro-cartoon-1.m3u8
[BD]reuters,https://t.freetv.fun/live/reuters.m3u8
[HD]ribera tv,https://t.freetv.fun/live/ribera-tv.m3u8
[BD]rig tv,https://t.freetv.fun/live/rig-tv.m3u8
[BD]rock action,https://t.freetv.fun/live/rock-action.m3u8
[HD]rock tv,https://t.freetv.fun/live/rock-tv.m3u8
[BD]eska rock tv,https://t.freetv.fun/live/eska-rock-tv.m3u8
[HD]folklore tv,https://t.freetv.fun/live/folklore-tv.m3u8
[BD]romania tv,https://t.freetv.fun/live/romania-tv.m3u8
[BD]ronahi tv,https://t.freetv.fun/live/ronahi-tv.m3u8
[BD]rotana aflam plus,https://t.freetv.fun/live/rotana-aflam-plus-1.m3u8
[BD]rotana music,https://t.freetv.fun/live/rotana-music.m3u8
[BD]garuda tv,https://t.freetv.fun/live/garuda-tv-1.m3u8
[BD]ryan and friends,https://t.freetv.fun/live/ryan-and-friends.m3u8
[SD]ryan and friends (1080p),https://t.freetv.fun/live/ryan-and-friends-1080p.m3u8
[BD]qs24.tv,https://t.freetv.fun/live/qs24-tv.m3u8
[HD]salaam tv,https://t.freetv.fun/live/salaam-tv.m3u8
[BD]apa tv,https://t.freetv.fun/live/apa-tv.m3u8
[BD]suyapa tv,https://t.freetv.fun/live/suyapa-tv.m3u8
[HD]sbs,https://t.freetv.fun/live/sbs.m3u8
[HD]sbs cjb,https://t.freetv.fun/live/sbs-cjb.m3u8
[BD]sctv,https://t.freetv.fun/live/sctv.m3u8
[HD]sctv,https://t.freetv.fun/live/sctv-1.m3u8
[BD]setanta sports 1 25fps,https://t.freetv.fun/live/setanta-sports-1-25fps.m3u8
[HD]sharjah tv,https://t.freetv.fun/live/sharjah-tv-1.m3u8
[SD]rtp 3 notícias,https://t.freetv.fun/live/rtp-3-noticias.m3u8
[BD]sky cinema select,https://t.freetv.fun/live/sky-cinema-select.m3u8
[HD]sky news,https://t.freetv.fun/live/sky-news-3.m3u8
[BD]sky news ᴴᴰ,https://t.freetv.fun/live/sky-news-hd.m3u8
[BD]sky sport calcio ᵁᴴᴰ,https://t.freetv.fun/live/sky-sport-calcio-uhd.m3u8
[BD]sky sport calcio ᴴᴰ,https://t.freetv.fun/live/sky-sport-calcio-hd.m3u8
[BD]sky sports football,https://t.freetv.fun/live/sky-sports-football.m3u8
[BD]sky sports football 50fps,https://t.freetv.fun/live/sky-sports-football-50fps.m3u8
[BD]sky sports football,https://t.freetv.fun/live/sky-sports-football-3.ts
[BD]sky sport football ᵁᴴᴰ,https://t.freetv.fun/live/sky-sport-football-uhd.m3u8
[BD]sky sport football ᴴᴰ,https://t.freetv.fun/live/sky-sport-football-hd.m3u8
[BD]sky sports mix,https://t.freetv.fun/live/sky-sports-mix-2.m3u8
[BD]sky sports mix,https://t.freetv.fun/live/sky-sports-mix-3.ts
[BD]sky sport max ᴴᴰ,https://t.freetv.fun/live/sky-sport-max-hd.m3u8
[BD]sky sport max,https://t.freetv.fun/live/sky-sport-max.ts
[HD]soltv,https://t.freetv.fun/live/soltv.m3u8
[VGA]sentv,https://t.freetv.fun/live/sentv.m3u8
[BD]sony max,https://t.freetv.fun/live/sony-max.m3u8
[BD]spotv,https://t.freetv.fun/live/spotv-1.php
[SD]star movies india,https://t.freetv.fun/live/star-movies-india.m3u8
[BD]m-studio,https://t.freetv.fun/live/m-studio.m3u8
[BD]abaza tv,https://t.freetv.fun/live/abaza-tv.m3u8
[VGA]musawachannel,https://t.freetv.fun/live/musawachannel.m3u8
[HD]anand tv,https://t.freetv.fun/live/anand-tv.m3u8
[SD]lana tv,https://t.freetv.fun/live/lana-tv.m3u8
[BD]sivan tv,https://t.freetv.fun/live/sivan-tv.m3u8
[BD]anand tv,https://t.freetv.fun/live/anand-tv-1.m3u8
[BD]sen tv,https://t.freetv.fun/live/sen-tv.m3u8
[HD]skai tv,https://t.freetv.fun/live/skai-tv.m3u8
[HD]skai tv,https://t.freetv.fun/live/skai-tv-1.m3u8
[BD]sky arts,https://t.freetv.fun/live/sky-arts.m3u8
[HD]music classics,https://t.freetv.fun/live/music-classics.m3u8
[BD]cartoon classics,https://t.freetv.fun/live/cartoon-classics.m3u8
[BD]sky news arabia,https://t.freetv.fun/live/sky-news-arabia.m3u8
[BD]sky news arabia,https://t.freetv.fun/live/sky-news-arabia-1.m3u8
[BD]sky sport 24,https://t.freetv.fun/live/sky-sport-24.ts
[BD]sky sport bar due ᵁᴴᴰ,https://t.freetv.fun/live/sky-sport-bar-due-uhd.m3u8
[BD]sky sport moto gp ᵁᴴᴰ,https://t.freetv.fun/live/sky-sport-moto-gp-uhd.m3u8
[BD]sky sport mmotogp ᴴᴰ,https://t.freetv.fun/live/sky-sport-mmotogp-hd.m3u8
[BD]sky sport bar due ᴴᴰ,https://t.freetv.fun/live/sky-sport-bar-due-hd.m3u8
[BD]sky sport legend,https://t.freetv.fun/live/sky-sport-legend.ts
[BD]sky sport motogp,https://t.freetv.fun/live/sky-sport-motogp.ts
[BD]sky sports action,https://t.freetv.fun/live/sky-sports-action.m3u8
[BD]sky sports cricket,https://t.freetv.fun/live/sky-sports-cricket.m3u8
[BD]sky sports f1,https://t.freetv.fun/live/sky-sports-f1-1.m3u8
[BD]sky sports f1,https://t.freetv.fun/live/sky-sports-f1-2.m3u8
[BD]sky sports golf,https://t.freetv.fun/live/sky-sports-golf.m3u8
[BD]sky sports golf,https://t.freetv.fun/live/sky-sports-golf-1.m3u8
[BD]sky sport golf ᵁᴴᴰ,https://t.freetv.fun/live/sky-sport-golf-uhd.m3u8
[HD]sky sports main event,https://t.freetv.fun/live/sky-sports-main-event.m3u8
[BD]sky sports main event 50fps,https://t.freetv.fun/live/sky-sports-main-event-50fps.m3u8
[BD]sky sports main events,https://t.freetv.fun/live/sky-sports-main-events.ts
[HD]sky sports news,https://t.freetv.fun/live/sky-sports-news.m3u8
[HD]sky sports news,https://t.freetv.fun/live/sky-sports-news-1.m3u8
[BD]sky sports premier league 50fps,https://t.freetv.fun/live/sky-sports-premier-league-50fps.m3u8
[BD]sky sports racing,https://t.freetv.fun/live/sky-sports-racing.m3u8
[BD]sky sports racing,https://t.freetv.fun/live/sky-sports-racing-1.m3u8
[BD]sky sports racing,https://t.freetv.fun/live/sky-sports-racing-2.ts
[BD]sky sport uno ᴴᴰ,https://t.freetv.fun/live/sky-sport-uno-hd.m3u8
[BD]sky sport uno,https://t.freetv.fun/live/sky-sport-uno.ts
[SD]india,https://t.freetv.fun/live/india.m3u8
[BD]sony one favoris,https://t.freetv.fun/live/sony-one-favoris.m3u8
[BD]sony sports ten 1,https://t.freetv.fun/live/sony-sports-ten-1.ts
[HD]sion tv,https://t.freetv.fun/live/sion-tv.m3u8
[HD]sportv 1,https://t.freetv.fun/live/sportv-1.m3u8
[BD]digi sport 1,https://t.freetv.fun/live/digi-sport-1.m3u8
[VGA]ktv sport plus,https://t.freetv.fun/live/ktv-sport-plus.m3u8
[BD]sportsnet east,https://t.freetv.fun/live/sportsnet-east.ts
[SD]star gold thrills,https://t.freetv.fun/live/star-gold-thrills.m3u8
[SD]star gold 2,https://t.freetv.fun/live/star-gold-2.m3u8
[SD]star,https://t.freetv.fun/live/star.m3u8
[HD]cstar,https://t.freetv.fun/live/cstar.m3u8
[BD]az star,https://t.freetv.fun/live/az-star.m3u8
[HD]lone star,https://t.freetv.fun/live/lone-star.m3u8
[BD]star,https://t.freetv.fun/live/star-1.m3u8
[SD]óčko star,https://t.freetv.fun/live/ocko-star.m3u8
[SD]ocko star,https://t.freetv.fun/live/ocko-star-2.m3u8
[HD]tve star,https://t.freetv.fun/live/tve-star.m3u8
[HD]gold star,https://t.freetv.fun/live/gold-star.m3u8
[HD]hmong star tv,https://t.freetv.fun/live/hmong-star-tv-1.m3u8
[VGA]azstar tv,https://t.freetv.fun/live/azstar-tv.m3u8
[BD]stryk tv,https://t.freetv.fun/live/stryk-tv.m3u8
[SD]stryk tv (1080p),https://t.freetv.fun/live/stryk-tv-1080p.m3u8
[BD]cars stars tv,https://t.freetv.fun/live/cars-stars-tv.m3u8
[VGA]starz,https://t.freetv.fun/live/starz.m3u8
[HD]starz,https://t.freetv.fun/live/starz-1.m3u8
[BD]sudarshan news,https://t.freetv.fun/live/sudarshan-news.m3u8
[BD]super tv,https://t.freetv.fun/live/super-tv-2.m3u8
[BD]syfy,https://t.freetv.fun/live/syfy.m3u8
[HD]syfy,https://t.freetv.fun/live/syfy-1.m3u8
[SD]cctv-2财经,https://t.freetv.fun/live/cctv-2cai-jing-1.m3u8
[HD]cctv-2财经,https://t.freetv.fun/live/cctv-2cai-jing-2.m3u8
[HD]cctv-2财经,https://t.freetv.fun/live/cctv-2cai-jing-3.m3u8
[BD]cctv-2财经,https://t.freetv.fun/live/cctv-2cai-jing-4.m3u8
[HD]cctv-2财经,https://t.freetv.fun/live/cctv-2cai-jing-5.m3u8
[BD]cctv-2财经,https://t.freetv.fun/live/cctv-2cai-jing-6.m3u8
[HD]cctv-2财经,https://t.freetv.fun/live/cctv-2cai-jing-7.m3u8
[HD]cctv-2财经,https://t.freetv.fun/live/cctv-2cai-jing-9.m3u8
[BD]cctv-2财经,https://t.freetv.fun/live/cctv-2cai-jing-10.m3u8
[HD]tea tv,https://t.freetv.fun/live/tea-tv.m3u8
[HD]tea tv,https://t.freetv.fun/live/tea-tv-1.m3u8
[VGA]telerama,https://t.freetv.fun/live/telerama.m3u8
[BD]telemas,https://t.freetv.fun/live/telemas-1.m3u8
[BD]telemas,https://t.freetv.fun/live/telemas-1-1.m3u8
[BD]tf1,https://t.freetv.fun/live/tf1.m3u8
[HD]tfm,https://t.freetv.fun/live/tfm.m3u8
[BD]trt haber,https://t.freetv.fun/live/trt-haber.m3u8
[SD]trt haber,https://t.freetv.fun/live/trt-haber-2.m3u8
[HD]tgrt haber,https://t.freetv.fun/live/tgrt-haber-1.m3u8
[HD]lao-thai tv,https://t.freetv.fun/live/lao-thai-tv.m3u8
[VGA]THrill *tv,https://t.freetv.fun/live/thrill-tv.ts
[HD]tlc,https://t.freetv.fun/live/tlc.m3u8
[HD]tlc,https://t.freetv.fun/live/tlc-1.m3u8
[SD]tlc,https://t.freetv.fun/live/tlc-2.m3u8
[SD]tlc,https://t.freetv.fun/live/tlc-3.m3u8
[HD]tm tv,https://t.freetv.fun/live/tm-tv.m3u8
[BD]tmt,https://t.freetv.fun/live/tmt.m3u8
[SD]tmc,https://t.freetv.fun/live/tmc.m3u8
[HD]tv maná argentina,https://t.freetv.fun/live/tv-mana-argentina.m3u8
[HD]t24,https://t.freetv.fun/live/t24.m3u8
[SD]tnt,https://t.freetv.fun/live/tnt-1.m3u8
[BD]tv series,rtmp://vkvsd258.okcdn.ru/playback/4212830514154?stkn=3-5AxYkRTClGxxwNYsB-PosDfNMu_Z8wVCxKPRiA5P1eG-dXv3IyUKjRPAmaGd92HY3VjEPNPE4&uid=0&sp=uid,sp&sig=vlibqm4nyu&fromCache=1
[BD]tnt sports 1,https://t.freetv.fun/live/tnt-sports-1.m3u8
[BD]tnt sports 1 50fps,https://t.freetv.fun/live/tnt-sports-1-50fps.m3u8
[BD]tnt sports,https://t.freetv.fun/live/tnt-sports.m3u8
[BD]tnt sports 3,https://t.freetv.fun/live/tnt-sports-3.ts
[BD]tnt sports 3,https://t.freetv.fun/live/tnt-sports-3-1.m3u8
[BD]tnt sports 4,https://t.freetv.fun/live/tnt-sports-4.m3u8
[BD]toonami,https://t.freetv.fun/live/toonami.m3u8
[BD]toonami,https://t.freetv.fun/live/toonami-1.m3u8
[SD]cape town tv,https://t.freetv.fun/live/cape-town-tv.m3u8
[SD]cape town tv (576p),https://t.freetv.fun/live/cape-town-tv-576p.m3u8
[BD]4k travel tv,https://t.freetv.fun/live/4k-travel-tv.m3u8
[BD]intravel,https://t.freetv.fun/live/intravel-1.m3u8
[HD]travel,https://t.freetv.fun/live/travel-1.m3u8
[HD]trt,https://t.freetv.fun/live/trt.m3u8
[BD]rt arabic,https://t.freetv.fun/live/rt-arabic-1.m3u8
[BD]trt avaz,https://t.freetv.fun/live/trt-avaz.m3u8
[SD]trt müzik,https://t.freetv.fun/live/trt-muzik.m3u8
[VGA]tvri world,https://t.freetv.fun/live/tvri-world.m3u8
[BD]trt world,https://t.freetv.fun/live/trt-world.m3u8
[BD]trt world,https://t.freetv.fun/live/trt-world-1.m3u8
[BD]trt world,https://t.freetv.fun/live/trt-world-2.m3u8
[BD]tsn1,https://t.freetv.fun/live/tsn1.ts
[HD]cr tv,https://t.freetv.fun/live/cr-tv.m3u8
[BD]bh tv,https://t.freetv.fun/live/bh-tv.m3u8
[SD]az tv,https://t.freetv.fun/live/az-tv.m3u8
[BD]rf tv,https://t.freetv.fun/live/rf-tv.m3u8
[HD]aw tv,https://t.freetv.fun/live/aw-tv.m3u8
[BD]di tv,https://t.freetv.fun/live/di-tv.m3u8
[HD]mc tv,https://t.freetv.fun/live/mc-tv.m3u8
[HD]ls tv,https://t.freetv.fun/live/ls-tv-1.m3u8
[HD]rc tv,https://t.freetv.fun/live/rc-tv.m3u8
[VGA]fb tv,https://t.freetv.fun/live/fb-tv-1.m3u8
[SD]fb tv,https://t.freetv.fun/live/fb-tv-1.m3u8
[HD]az tv,https://t.freetv.fun/live/az-tv-1.m3u8
[SD]3tv,https://t.freetv.fun/live/3tv.m3u8
[HD]tv 538,https://t.freetv.fun/live/tv-538.m3u8
[SD]7tv,https://t.freetv.fun/live/7tv-1.m3u8
[BD]tv maná brasil,https://t.freetv.fun/live/tv-mana-brasil.m3u8
[BD]trace brasil,https://t.freetv.fun/live/trace-brasil.m3u8
[VGA]mbc brasil tv,https://t.freetv.fun/live/mbc-brasil-tv.m3u8
[BD]trace brasil,https://t.freetv.fun/live/trace-brasil-1.m3u8
[BD]tv brics russian,https://t.freetv.fun/live/tv-brics-russian-1.m3u8
[BD]tv brics,https://t.freetv.fun/live/tv-brics.m3u8
[HD]tv chosun 2,https://t.freetv.fun/live/tv-chosun-2.m3u8
[HD]tv clube,https://t.freetv.fun/live/tv-clube.m3u8
[SD]creta,https://t.freetv.fun/live/creta.m3u8
[SD]tv cultura,https://t.freetv.fun/live/tv-cultura.m3u8
[BD]tv gazeta,https://t.freetv.fun/live/tv-gazeta.m3u8
[BD]play tv,https://t.freetv.fun/live/play-tv-1.m3u8
[BD]play tv,https://t.freetv.fun/live/play-tv-2.m3u8
[SD]tv senado,https://t.freetv.fun/live/tv-senado.m3u8
[HD]tv senado,https://t.freetv.fun/live/tv-senado-1.m3u8
[HD]čt sport,https://t.freetv.fun/live/ct-sport.m3u8
[SD]ktv sport (1080p),https://t.freetv.fun/live/ktv-sport-1080p.m3u8
[VGA]ktv sport,https://t.freetv.fun/live/ktv-sport.m3u8
[BD]tvr sport,https://t.freetv.fun/live/tvr-sport.m3u8
[BD]sport tv 1 50fps,https://t.freetv.fun/live/sport-tv-1-50fps.m3u8
[BD]sport tv 5 50fps,https://t.freetv.fun/live/sport-tv-5-50fps.m3u8
[HD]super tv,https://t.freetv.fun/live/super-tv.m3u8
[BD]super tv,https://t.freetv.fun/live/super-tv-1.m3u8
[BD]super,https://t.freetv.fun/live/super-1.m3u8
[BD]ltv1,https://t.freetv.fun/live/ltv1.m3u8
[BD]tv1000,https://t.freetv.fun/live/tv1000.m3u8
[SD]viju tv1000,https://t.freetv.fun/live/viju-tv1000-1.m3u8
[BD]viju tv1000 action,https://t.freetv.fun/live/viju-tv1000-action.m3u8
[SD]viju tv1000 action,https://t.freetv.fun/live/viju-tv1000-action-1.m3u8
[SD]tv3,https://t.freetv.fun/live/tv3-1.m3u8
[HD]la 1 catalunya,https://t.freetv.fun/live/la-1-catalunya-1.m3u8
[VGA]tv4,https://t.freetv.fun/live/tv4.m3u8
[BD]tv4,https://t.freetv.fun/live/tv4-1.m3u8
[SD]tv5 kannada,https://t.freetv.fun/live/tv5-kannada.m3u8
[BD]tv6,https://t.freetv.fun/live/tv6.m3u8
[HD]tv9,https://t.freetv.fun/live/tv9.m3u8
[HD]tva,https://t.freetv.fun/live/tva.m3u8
[HD]tva,https://t.freetv.fun/live/tva-1-1.m3u8
[BD]tva,https://t.freetv.fun/live/tva-2.m3u8
[HD]atv plus,https://t.freetv.fun/live/atv-plus-1.m3u8
[HD]etv plus,https://t.freetv.fun/live/etv-plus.m3u8
[BD]tvb plus,https://t.freetv.fun/live/tvb-plus-5.m3u8
[BD]tv puls,https://t.freetv.fun/live/tv-puls.m3u8
[BD]asian,https://t.freetv.fun/live/asian.m3u8
[BD]tvbs,https://t.freetv.fun/live/tvbs.m3u8
[BD]tvbs新聞,https://t.freetv.fun/live/tvbsxin-wen-1.m3u8
[BD]tvbs歡樂,https://t.freetv.fun/live/tvbshuan-le.m3u8
[BD]tvbs精采,https://t.freetv.fun/live/tvbsjing-cai.m3u8
[BD]tvbs亞洲,https://t.freetv.fun/live/tvbsya-zhou.m3u8
[BD]tvb星河,https://t.freetv.fun/live/tvbxing-he-1.m3u8
[BD]tve rs,https://t.freetv.fun/live/tve-rs-1.m3u8
Chile" tvg-id="" tvg-country="Chile" tvg-language="Chile" tvg-logo="https://epg.pw/media/uploads/tmp_logo/2015/05/18/20150518021622731206_39.jpg" group-title="Entertainment",[BD]tvn5,https://t.freetv.fun/live/tvn5.m3u8
[BD]tvp kultura,https://t.freetv.fun/live/tvp-kultura.m3u8
[BD]tvr,https://t.freetv.fun/live/tvr.m3u8
[BD]tvri,https://t.freetv.fun/live/tvri-1.m3u8
[HD]tvt,https://t.freetv.fun/live/tvt.m3u8
[SD]taha tv,https://t.freetv.fun/live/taha-tv.m3u8
[VGA]tay tv,https://t.freetv.fun/live/tay-tv.m3u8
[HD]tele boario,https://t.freetv.fun/live/tele-boario.m3u8
[BD]tele bari,https://t.freetv.fun/live/tele-bari.m3u8
[VGA]telefuturo,https://t.freetv.fun/live/telefuturo.m3u8
[BD]telemax,https://t.freetv.fun/live/telemax.m3u8
[BD]telemax,https://t.freetv.fun/live/telemax-1.m3u8
[BD]telemax,https://t.freetv.fun/live/telemax-2.m3u8
[BD]telemundo florida,https://t.freetv.fun/live/telemundo-florida-1.m3u8
[BD]tele uno,https://t.freetv.fun/live/tele-uno-1.m3u8
[SD]telemundo al día,https://t.freetv.fun/live/telemundo-al-dia.m3u8
[BD]telemundo al día,https://t.freetv.fun/live/telemundo-al-dia-1.m3u8
[SD]telepace trento,https://t.freetv.fun/live/telepace-trento.m3u8
[BD]televida,https://t.freetv.fun/live/televida-1.m3u8
[VGA]televízia osem,https://t.freetv.fun/live/televizia-osem.m3u8
[HD]tempo tv,https://t.freetv.fun/live/tempo-tv.m3u8
[BD]tennis plus,https://t.freetv.fun/live/tennis-plus.m3u8
[HD]terra,https://t.freetv.fun/live/terra.m3u8
[BD]thai pbs,https://t.freetv.fun/live/thai-pbs-1.m3u8
[VGA]thai pbs,https://t.freetv.fun/live/thai-pbs-2.m3u8
[HD]thai pbs 3,https://t.freetv.fun/live/thai-pbs-3.m3u8
[BD]the design network,https://t.freetv.fun/live/the-design-network.m3u8
[SD]tiji,https://t.freetv.fun/live/tiji.m3u8
[HD]music latino,https://t.freetv.fun/live/music-latino.m3u8
[HD]rtp tv,https://t.freetv.fun/live/rtp-tv.m3u8
[SD]trace sport stars,https://t.freetv.fun/live/trace-sport-stars.m3u8
[HD]trace sport stars,https://t.freetv.fun/live/trace-sport-stars-1.m3u8
[BD]trace sport stars,https://t.freetv.fun/live/trace-sport-stars-2.m3u8
[BD]trace sport stars,https://t.freetv.fun/live/trace-sport-stars-3.m3u8
[BD]trace urban,https://t.freetv.fun/live/trace-urban-2.m3u8
[BD]trace urban,https://t.freetv.fun/live/trace-urban-5.m3u8
[BD]trace urban,https://t.freetv.fun/live/trace-urban.m3u8
[SD]trace urban (australia) (1080p),https://t.freetv.fun/live/trace-urban-australia-1080p.m3u8
[SD]trace urban *y,https://t.freetv.fun/live/trace-urban-y.m3u8
[HD]ช่อง trans tv,https://t.freetv.fun/live/ch-ng-trans-tv.m3u8
[HD]trans7,https://t.freetv.fun/live/trans7-2.m3u8
[HD]transtv,https://t.freetv.fun/live/transtv.m3u8
2026-05-16 11:37:47,https://iptv.catvod.com/live.php?id=CCTV1&line=4
[BD]TVN Movies *tv,https://t.freetv.fun/live/tvn-movies-tv.ts
文化精品,http://107.150.60.122/live/ysjp.m3u8
[SD]télé sahel,https://t.freetv.fun/live/tele-sahel.m3u8
文化精品,http://38.75.136.137:98/gslb/dsdqpub/ysjp.m3u8?auth=testpub
Chile" tvg-id="" tvg-country="Chile" tvg-language="Chile" tvg-logo="https://epg.pw/media/uploads/tmp_logo/2015/05/18/20150518021341460538_48.png" group-title="Entertainment",[HD]ucv,https://t.freetv.fun/live/ucv.m3u8
央视台球,http://38.75.136.137:98/gslb/dsdqpub/ystq.m3u8?auth=testpub
[HD]universal cinema,https://t.freetv.fun/live/universal-cinema.m3u8
风云音乐,http://38.75.136.137:98/gslb/dsdqpub/fyyy.m3u8?auth=testpub
[HD]universal premier,https://t.freetv.fun/live/universal-premier.m3u8
第一剧场,http://38.75.136.137:98/gslb/dsdqpub/dyjc.m3u8?auth=testpub
[VGA]tv universal,https://t.freetv.fun/live/tv-universal.m3u8
风云剧场,http://38.75.136.137:98/gslb/dsdqpub/fyjc.m3u8?auth=testpub
[BD]universal tv,https://t.freetv.fun/live/universal-tv.ts
怀旧剧场,http://38.75.136.137:98/gslb/dsdqpub/hjjc.m3u8?auth=testpub
[BD]fun vision,https://t.freetv.fun/live/fun-vision.m3u8
女性时尚,http://38.75.136.137:98/gslb/dsdqpub/nxss.m3u8?auth=testpub
[BD]unitv,https://t.freetv.fun/live/unitv.m3u8
高尔夫网球,http://38.75.136.137:98/gslb/dsdqpub/gefwq.m3u8?auth=testpub
[VGA]abn urdu,https://t.freetv.fun/live/abn-urdu.m3u8
风云足球,http://38.75.136.137:98/gslb/dsdqpub/fyzq.m3u8?auth=testpub
[SD]dd urdu,https://t.freetv.fun/live/dd-urdu.m3u8
电视指南,http://38.75.136.137:98/gslb/dsdqpub/dszn.m3u8?auth=testpub
[HD]dd urdu,https://t.freetv.fun/live/dd-urdu-1.m3u8
世界地理,http://38.75.136.137:98/gslb/dsdqpub/sjdl.m3u8?auth=testpub
[HD]a21 network,https://t.freetv.fun/live/a21-network.m3u8
东方卫视4K,http://bp-resource-dfl.bestv.cn/148/3/video.m3u8
兵器科技,http://38.75.136.137:98/gslb/dsdqpub/gfjs.m3u8?auth=testpub
[BD]utv,https://t.freetv.fun/live/utv.m3u8
浙江卫视4K,http://101.35.240.114:88/live.php?id=浙江卫视4K
浙江钱江都市,http://ali-xwl.cztv.com/live/channel021080Plxw.m3u8
[BD]vevo pop,https://t.freetv.fun/live/vevo-pop.m3u8
江苏卫视4K,http://8.138.7.223/tv/jsws4k.php
浙江钱江都市,http://ali-xwl.cztv.com/live/channel02720Plxw.m3u8
[BD]vevo '90s '00s italy,https://t.freetv.fun/live/vevo-90s-00s-italy.m3u8
广东卫视4K,http://101.35.240.114:88/live.php?id=广东卫视4K
浙江经济生活,http://ali-xwl.cztv.com/live/channel031080Plxw.m3u8
[BD]vevo schlager pop,https://t.freetv.fun/live/vevo-schlager-pop.m3u8
深圳卫视4K,#http://101.35.240.114:88/live.php?id=深圳卫视
浙江经济生活,http://ali-xwl.cztv.com/live/channel03720Plxw.m3u8
[BD]vevo pop,https://t.freetv.fun/live/vevo-pop-2.m3u8
山东卫视4K,http://101.35.240.114:88/live.php?id=山东卫视4K
浙江教育,http://ali-m-l.cztv.com/channels/lantian/channel04/720p.m3u8
[BD]vevo pop italy,https://t.freetv.fun/live/vevo-pop-italy.m3u8
苏州4K,https://live-auth.51kandianshi.com/szgd/csztv4k_hd.m3u8
浙江新闻,http://ali-xwl.cztv.com/live/channel071080Plxw.m3u8
[BD]vevo latino,https://t.freetv.fun/live/vevo-latino.m3u8
河北4K,https://event.pull.hebtv.com:443/live/live101.m3u8
浙江新闻,http://ali-xwl.cztv.com/live/channel07720Plxw.m3u8
[SD]vevo latino (1080p),https://t.freetv.fun/live/vevo-latino-1080p.m3u8
南国都市4K,https://tencentplay.gztv.com/live/nanguodushi.m3u8?txSecret=550af55c0ea34ce492748481415b6dfa&txTime=1903e7b17de
浙江新闻,http://ali-m-l.cztv.com/channels/lantian/channel07/720p.m3u8
[SD]vh1,https://t.freetv.fun/live/vh1.m3u8
CCTV4K真4K,http://vip1.xinketongxun.fun:8082/tsfile/live/1026_1.m3u8
浙江新闻,http://ali-m-l.cztv.com/channels/lantian/channel007/720p.m3u8
[VGA]ibn tv (480p),https://t.freetv.fun/live/ibn-tv-480p.m3u8
CCTV-4 欧洲,#http://8.138.7.223/tv/migu8.php?id=66e1470c453536359985b7b9b8222742
浙江教科,https://ali-m-l.cztv.com/channels/lantian/channel004/1080p.m3u8
[BD]voa tv,https://t.freetv.fun/live/voa-tv.m3u8
CCTV-4 美洲,#http://8.138.7.223/tv/migu8.php?id=45de6fabfc0d9dfd41de6ad5022d8fce
浙江经济,http://ali-m-l.cztv.com/channels/lantian/channel03/720p.m3u8
[HD]vtv,https://t.freetv.fun/live/vtv.m3u8
CCTV 4K,#http://fjcm-2118.live.iptv.darwinchow.com/PLTV/88888888/224/3221227510/index.m3u8
之江纪录,https://ali-m-l.cztv.com/channels/lantian/channel12/720p.m3u8
[BD]vtv1,https://t.freetv.fun/live/vtv1.m3u8
CCTV 8K,#http://116.52.175.3:29999/nptv/cctv8k.m3u8
浙江国际,http://ali-xwl.cztv.com/live/channel101080Plxw.m3u8
[BD]vtv10,https://t.freetv.fun/live/vtv10-1.m3u8
CCTV-兵器科技,http://www.lizhinas.top:1009/rtp/239.252.219.98:5140
浙江国际,http://ali-xwl.cztv.com/live/channel10720Plxw.m3u8
[BD]vtv10,https://t.freetv.fun/live/vtv10-2.m3u8
CCTV-世界地理,http://www.lizhinas.top:1009/rtp/239.252.219.93:5140
湖州新闻综合,http://hzcm-live.media.hugd.com/3f5fa7d64c7c46a38c6bd8ad35e836cc/65128273761b4731ae53729ea6dcf932.m3u8?auth_key=2277598215-9d21c15111244bea8d298c361d31a72e-0-d031198f58d44b0e91ba2e3f3b188865
[BD]vtv2,https://t.freetv.fun/live/vtv2.m3u8
CCTV-风云足球,http://www.lizhinas.top:1009/rtp/239.252.219.96:5140
湖州文化娱乐,http://hzcm-live.media.hugd.com/613c47f0ab0d4eaa98b21378d0db6ded/0051d31c9dd543a7825eea4e49675b2a.m3u8?auth_key=2277598059-0a5ebfa1c0dc4671b42a60810fc37039-0-fa625b7d1feab612062453c12e3c8887
[BD]vtv3,https://t.freetv.fun/live/vtv3.m3u8
CCTV-风云音乐,http://www.lizhinas.top:1009/rtp/239.252.219.87:5140
浙江经视,http://ali-m-l.cztv.com/channels/lantian/channel003/720p.m3u8
[BD]vtv4,https://t.freetv.fun/live/vtv4.m3u8
CCTV-风云剧场,http://www.lizhinas.top:1009/rtp/239.252.219.89:5140
浙江民生休闲,http://ali-xwl.cztv.com/live/channel061080Plxw.m3u8
[BD]vtv6,https://t.freetv.fun/live/vtv6.m3u8
CCTV-第一剧场,http://www.lizhinas.top:1009/rtp/239.252.219.86:5140
浙江民生休闲,http://ali-xwl.cztv.com/live/channel06720Plxw.m3u8
[BD]vtv6,https://t.freetv.fun/live/vtv6-1.m3u8
CCTV-怀旧剧场,http://www.lizhinas.top:1009/rtp/239.252.219.90:5140
浙江数码时代,http://ali-m-l.cztv.com/channels/lantian/channel12/720p.m3u8
[BD]vtv7,https://t.freetv.fun/live/vtv7.m3u8
CCTV-文化精品,http://www.lizhinas.top:1009/rtp/239.252.219.81:5140
浙江教科影视,http://ali-xwl.cztv.com/live/channel041080Plxw.m3u8
[BD]vtv9,https://t.freetv.fun/live/vtv9.m3u8
CCTV-女性时尚,http://www.lizhinas.top:1009/rtp/239.252.219.94:5140
浙江教科影视,http://ali-xwl.cztv.com/live/channel04720Plxw.m3u8
[HD]velayat tv,https://t.freetv.fun/live/velayat-tv.m3u8
CCTV-卫生健康,http://nas.hssvm.com:8888/udp/225.1.1.210:5002
浙江休闲台,http://ali-m-l.cztv.com/channels/lantian/channel006/720p.m3u8
[HD]velayat tv,https://t.freetv.fun/live/velayat-tv-1.m3u8
CCTV-央视台球,http://www.lizhinas.top:1009/rtp/239.252.219.80:5140
青田电视台,http://l.cztvcloud.com/channels/lantian/SXqingtian1/720p.m3u8
[BD]entelevision,https://t.freetv.fun/live/entelevision-1.m3u8
CCTV-央视高网,http://www.lizhinas.top:1009/rtp/239.252.219.95:5140
象山新闻综合,http://l.cztvcloud.com/channels/lantian/SXxiangshan1/720p.m3u8
[BD]viasat explore classic,https://t.freetv.fun/live/viasat-explore-classic.m3u8
CCTV-电视指南,http://www.lizhinas.top:1009/rtp/239.252.219.97:5140
缙云新闻综合,http://l.cztvcloud.com/channels/lantian/SXjinyun1/720p.m3u8
[BD]hype visual radio,https://t.freetv.fun/live/hype-visual-radio.m3u8
中国天气,http://hls.weathertv.cn/tslslive/qCFIfHB/hls/live_sd.m3u8
绍兴电视台公共,http://live.shaoxing.com.cn/video/s10001-sxtv2/index.m3u8?%E5%85%B3%E6%B3%A8%E5%BE%AE%E4%BF%A1%E5%85%AC%E4%BC%97%E5%8F%B7[%E6%99%B4%E5%9B%AD]
[VGA]hype visual radio (1080p),https://t.freetv.fun/live/hype-visual-radio-1080p.m3u8
中国交通,http://drive.mxmy.net:8888/udp/239.3.1.188:8001
湖州公共民生,http://hzcm-live.media.hugd.com/1e6b554b9ab74513958c0e1ffe664d22/9acaa7634309494cb29a85eb12136607.m3u8?auth_key=2272900830-9a2389b8bf4e49d580d4ad807423d326-0-ea78a5c7a678c436263582d368f5009e
[HD]viva,https://t.freetv.fun/live/viva.m3u8
直播中国,https://gcalic.v.myalicdn.com/gc/wgw05_1/index.m3u8?contentid=2820180516001
海宁新闻综合,https://p2hs.vzan.com/slowlive/317913155078575177/live.m3u8
[BD]vizion plus,https://t.freetv.fun/live/vizion-plus.m3u8
熊猫直播,https://gcwbndali.v.myalicdn.com/gcwbnd/ipanda1000_2/index.m3u8
普陀电视台,https://l.cztvcloud.com/channels/lantian/SXputuo1/720p.m3u8
[VGA]vizion plus al,https://t.freetv.fun/live/vizion-plus-al.m3u8
CETV-1 综合教育,http://www.lizhinas.top:1009/rtp/239.252.220.198:5140
普陀新闻综合,http://l.cztvcloud.com/channels/lantian/SXputuo1/720p.m3u8
[HD]w9,https://t.freetv.fun/live/w9.m3u8
CETV-2 空中课堂,http://www.lizhinas.top:1009/rtp/239.252.219.73:5140
文成新闻综合,http://l.cztvcloud.com/channels/lantian/SXwencheng1/720p.m3u8
[HD]wdr,https://t.freetv.fun/live/wdr.m3u8
CETV-3 教育服务,http://rrs01.hw.gmcc.net:8088/PLTV/81/224/3221226722/1.m3u8
数码时代,http://ali-m-l.cztv.com/channels/lantian/channel12/720p.m3u8?zzhed
[BD]wnbc-dt1,https://t.freetv.fun/live/wnbc-dt1.m3u8
CETV-4 职业教育,http://rrs01.hw.gmcc.net:8088/PLTV/81/224/3221226724/1.m3u8
平湖新闻综合,http://play-sh13.quklive.com/live/1690167908295069.m3u8?auth_key=2027466211-f190eec410c24473825cbe1d8541e545-0-f21db57ae1b534802c1cf7be86cc3aef
[SD]walf tv,https://t.freetv.fun/live/walf-tv.m3u8
CGTN英语,http://english-livetx.cgtn.com/hls/yypdyyctzb_hd.m3u8
东阳影视生活,http://l.cztvcloud.com/channels/lantian/SXdongyang1/720p.m3u8
[BD]watan tv,https://t.freetv.fun/live/watan-tv.m3u8
CGTN记录,https://english-livetx.cgtn.com/hls/yypdjlctzb_hd.m3u8
北京新闻,https://satellitepull.cnr.cn/live/wxbjxwgb/playlist.m3u8
[VGA]watan egypt,https://t.freetv.fun/live/watan-egypt.m3u8
CGTN俄语,http://russian-livews.cgtn.com/hls/LSvexABhNipibK5KRuUkvHZ7220802LSTeze9o8tdFXMHsb1VosgoT220802cd.m3u8
上海新闻综合,https://iptv.catvod.com/live.php?id=%E4%B8%8A%E6%B5%B7%E6%96%B0%E9%97%BB%E7%BB%BC%E5%90%88&line=1
[BD]waterbear,https://t.freetv.fun/live/waterbear-2.m3u8
CGTN法语,http://espanol-liveali.cgtn.com/hls/LSveOGBaBw41Ea7ukkVAUdKQ220802LSTexu6xAuFH8VZNBLE1ZNEa220802cd.m3u8
上海第一财经,https://iptv.catvod.com/live.php?id=%E4%B8%8A%E6%B5%B7%E7%AC%AC%E4%B8%80%E8%B4%A2%E7%BB%8F&line=1
[HD]weathernation,https://t.freetv.fun/live/weathernation.m3u8
CGTN西语,http://espanol-liveali.cgtn.com/hls/LSveOGBaBw41Ea7ukkVAUdKQ220802LSTexu6xAuFH8VZNBLE1ZNEa220802cd.m3u8
上海第一财经,https://satellitepull.cnr.cn/live/wx32dycjgb/playlist.m3u8
[BD]welt der wunder tv,https://t.freetv.fun/live/welt-der-wunder-tv.m3u8
CGTN阿语,http://espanol-liveali.cgtn.com/hls/LSveOGBaBw41Ea7ukkVAUdKQ220802LSTexu6xAuFH8VZNBLE1ZNEa220802cd.m3u8
第一财经,http://satellitepull.cnr.cn/live/wx32dycjgb/playlist.m3u8
[BD]wildearth,https://t.freetv.fun/live/wildearth.m3u8
CCTV4K,http://p.ytelc.com/169l/0/cctv.php?id=cctv4k
都市剧场,https://satellitepull.cnr.cn/live/wxcqxwgb/playlist.m3u8
[BD]willow sports,https://t.freetv.fun/live/willow-sports.m3u8
上海纪实,http://iptv.huuc.edu.cn/hls/docuchina.m3u8
都市剧场,https://shcm-stream-cf1.stream.264788.xyz/cms001/ch00000090990000001203/index.m3u8?streamid=fd36352c039198fe0978687774e97e59&streamkey=0WsC3jqv5pZMcRRCygo4VTlOTvi9bTCwlnIuuJUBjnBWTwcjoCuCI96qfPqPDVNZ0aqEUXrCtmdYiA55XouMxl7kXeqYtnnZLSPxmTgKz4J1lElEFPNAHdBzm&token=1775754833-0c24e6f296307991-0-4b1ed6441088c73ad4569aca7aa649a5
[BD]willow sports,https://t.freetv.fun/live/willow-sports-1.m3u8
金鹰纪实,http://iptv.huuc.edu.cn/hls/gedocu.m3u8
重庆新闻,http://38.75.136.137:98/gslb/dsdqpub/cqxw.m3u8?auth=testpub
[BD]world fishing network,https://t.freetv.fun/live/world-fishing-network-1.m3u8
北京新闻,http://iptv.huuc.edu.cn/hls/btv9hd.m3u8
六合新闻综合,http://p2hs.vzan.com/720020/432453820030502236/live.m3u8
[BD]world poker tour,https://t.freetv.fun/live/world-poker-tour.m3u8
山东教育,http://iptv.huuc.edu.cn/hls/sdetv.m3u8
南京十八,https://iptv.catvod.com/live.php?id=%E5%8D%97%E4%BA%AC%E5%8D%81%E5%85%AB%E9%A2%91%E9%81%93&line=1
[BD]world poker tour,https://t.freetv.fun/live/world-poker-tour-1.m3u8
CCTV4美洲,http://t.061899.xyz/tl/tl.php?id=cctv4m
南京新闻综合,https://iptv.catvod.com/live.php?id=%E5%8D%97%E4%BA%AC%E6%96%B0%E9%97%BB%E7%BB%BC%E5%90%88%E9%A2%91%E9%81%93&line=1
[HD]yemen tv,https://t.freetv.fun/live/yemen-tv.m3u8
CCTV4欧洲,http://t.061899.xyz/tl/tl.php?id=cctv4o
南通新闻综合,https://iptv.catvod.com/live.php?id=%E5%8D%97%E9%80%9A%E6%96%B0%E9%97%BB%E7%BB%BC%E5%90%88&line=1
[BD]yemen tv,https://t.freetv.fun/live/yemen-tv-1.ts
CCTV发现之旅,http://t.061899.xyz/tl/tl.php?id=fxzl
宜兴新闻,http://yixing-tv-ori-hls.jstv.com/yixing-tv-ori/yixing_xw.m3u8
[BD]zee tv,https://t.freetv.fun/live/zee-tv.m3u8
CCTV老故事,http://t.061899.xyz/tl/tl.php?id=lgs
武进生活,http://43.251.226.89:8080/play/522.m3u8
[BD]tv zoom,https://t.freetv.fun/live/tv-zoom-1.m3u8
CCTV中学生,http://t.061899.xyz/tl/tl.php?id=zxs
江苏影视,https://iptv.catvod.com/live.php?id=%E6%B1%9F%E8%8B%8F%E5%BD%B1%E8%A7%86%E9%A2%91%E9%81%93
[SD]dd bangla,https://t.freetv.fun/live/dd-bangla.m3u8
CGTN,http://t.061899.xyz/tl/tl.php?id=cgtn
江苏影视,https://iptv.catvod.com/live.php?id=%E6%B1%9F%E8%8B%8F%E5%BD%B1%E8%A7%86%E9%A2%91%E9%81%93&line=1
[HD]rtp,https://t.freetv.fun/live/rtp-1.m3u8
CGTN纪录,http://t.061899.xyz/tl/tl.php?id=cgtnjl
泗阳资讯,http://43.251.226.89:8080/play/530.m3u8
[BD]a haber,https://t.freetv.fun/live/a-haber.m3u8
海峡卫视,http://t.061899.xyz/tl/tl.php?id=hxws
淮安新闻综合,https://iptv.catvod.com/live.php?id=%E6%B7%AE%E5%AE%89%E6%96%B0%E9%97%BB%E7%BB%BC%E5%90%88&line=1
[BD]a spor,https://t.freetv.fun/live/a-spor.m3u8
四海钓鱼,http://t.061899.xyz/tl/tl.php?id=shdy
溧水新闻综合,https://iptv.catvod.com/live.php?id=%E6%BA%A7%E6%B0%B4%E6%96%B0%E9%97%BB%E7%BB%BC%E5%90%88&line=1
[BD]atv,https://t.freetv.fun/live/atv.m3u8
CHC动作电影,http://t.061899.xyz/tl/tl.php?id=chcdzdy
滨海新闻综合,http://traffic.jbh.tjbh.com/live/bhtv10/playlist.m3u8
[SD]ibn tv africa,https://t.freetv.fun/live/ibn-tv-africa.m3u8
CHC家庭影院,http://t.061899.xyz/tl/tl.php?id=chcjtdy
苏州文化生活,https://live-auth.51kandianshi.com/szgd/csztv3.m3u8
[BD]tv brics africa,https://t.freetv.fun/live/tv-brics-africa.m3u8
东方影视,http://t.061899.xyz/tl/tl.php?id=dfys
苏州新闻综合,https://live-auth.51kandianshi.com/szgd/csztv1.m3u8
[VGA]voa tv africa,https://t.freetv.fun/live/voa-tv-africa.m3u8
上海新闻综合,http://t.061899.xyz/tl/tl.php?id=shxwzh
苏州生活资讯,https://live-auth.51kandianshi.com/szgd/csztv5.m3u8
[HD]salira tv,https://t.freetv.fun/live/salira-tv.m3u8
上海第一财经,http://t.061899.xyz/tl/tl.php?id=dycj
苏州社会经济,https://live-auth.51kandianshi.com/szgd/csztv2.m3u8
[BD]hala tv,https://t.freetv.fun/live/hala-tv.m3u8
上视纪实人文,http://t.061899.xyz/tl/tl.php?id=shjsrw
连云港新闻综合,https://iptv.catvod.com/live.php?id=%E8%BF%9E%E4%BA%91%E6%B8%AF%E6%96%B0%E9%97%BB%E7%BB%BC%E5%90%88
[VGA]hala tv,https://t.freetv.fun/live/hala-tv-1.m3u8
上海外语,http://t.061899.xyz/tl/tl.php?id=shics
连云港新闻综合,https://iptv.catvod.com/live.php?id=%E8%BF%9E%E4%BA%91%E6%B8%AF%E6%96%B0%E9%97%BB%E7%BB%BC%E5%90%88&line=1
[BD]alfa tvp,https://t.freetv.fun/live/alfa-tvp.m3u8
法治天地,http://t.061899.xyz/tl/tl.php?id=fztd
镇江二套社会民生,http://zjtv-wshls.homecdn.com/live/2aa16.m3u8
[SD]amedia 1,https://t.freetv.fun/live/amedia-1-1.m3u8
劲爆体育,http://t.061899.xyz/tl/tl.php?id=jbty
镇江新闻综合,https://iptv.catvod.com/live.php?id=%E9%95%87%E6%B1%9F%E6%96%B0%E9%97%BB%E7%BB%BC%E5%90%88&line=1
[SD]amedia 2,https://t.freetv.fun/live/amedia-2-1.m3u8
魅力足球,http://t.061899.xyz/tl/tl.php?id=mlzq
镇江新闻综合,https://iptv.catvod.com/live.php?id=%E9%95%87%E6%B1%9F%E6%96%B0%E9%97%BB%E7%BB%BC%E5%90%88
[SD]amedia 2 (576p),https://t.freetv.fun/live/amedia-2-576p.m3u8
乐游,http://t.061899.xyz/tl/tl.php?id=ly
镇江新闻综合,http://zjtv-wshls.homecdn.com/live/2aa50.m3u8?wsSession=a263bdc5a26cd01b57a80359-170493712215358&wsIPSercert=f56bd6194d219a5172dbed60eca6e9b0
[BD]pro cinema,https://t.freetv.fun/live/pro-cinema.m3u8
欢笑剧场,http://t.061899.xyz/tl/tl.php?id=hxjc
镇江新闻综合,http://zjtv-wshls.homecdn.com/live/2aa50.m3u8
[VGA]celta tv,https://t.freetv.fun/live/celta-tv.m3u8
七彩戏剧,http://t.061899.xyz/tl/tl.php?id=qcxj
朝阳新闻综合,http://120.76.248.139/live/bfgd/4200000282.m3u8
[HD]eslah tv,https://t.freetv.fun/live/eslah-tv.m3u8
游戏风云,http://t.061899.xyz/tl/tl.php?id=yxfy
武汉文体,http://www.hiliu.myds.me:18088/rtp/239.69.1.147:10518
[BD]fiesta tv,https://t.freetv.fun/live/fiesta-tv.m3u8
优漫卡通,http://t.061899.xyz/tl/tl.php?id=ymkt
广西新闻,http://107.150.60.122/live/gxxw.m3u8
[BD]albuk tv,https://t.freetv.fun/live/albuk-tv-1.m3u8
苏州4K,https://tylive.kan0512.com/norecord/csztv4k_4k.m3u8
广西新闻,http://38.75.136.137:98/gslb/dsdqpub/gxxw.m3u8?auth=testpub
[SD]ifilm 2,https://t.freetv.fun/live/ifilm-2.m3u8
河北4K,https://event.pull.hebtv.com:443/live/live101.m3u8
广西新闻,http://198.204.228.26/live/gxxw.m3u8
[BD]kurdsat news,https://t.freetv.fun/live/kurdsat-news.m3u8
延边卫视,http://120.76.248.139/live/bfgd/4200000117.m3u8
广西新闻,http://192.151.150.154/live/gxxw.m3u8
[BD]lale,https://t.freetv.fun/live/lale.m3u8
厦门卫视,http://e2.woc.iiiya.cn:28888/rtp/239.61.2.11:8060
广西国际,http://198.204.228.26/live/gxgj.m3u8
[HD]lale,https://t.freetv.fun/live/lale-1.m3u8
农林卫视,http://120.76.248.139/live/bfgd/4200000122.m3u8
广西国际,http://107.150.60.122/live/gxgj.m3u8
[VGA]awtv,https://t.freetv.fun/live/awtv.m3u8
兵团卫视,http://liveout.btzx.com.cn/62ds9e/yil08g.m3u8
广西国际,http://38.75.136.137:98/gslb/dsdqpub/gxgj.m3u8?auth=testpub
[HD]mrtv news,https://t.freetv.fun/live/mrtv-news.m3u8
山东教育,https://test1.live.sdetv.com.cn/live/dianshizhibo/playlist.m3u8
广西国际,http://192.151.150.154/live/gxgj.m3u8
[SD]atn news,https://t.freetv.fun/live/atn-news.ts
海峡卫视,http://8.138.7.223/tv/hxws.m3u8
南宁影视娱乐,http://hls.nntv.cn/nnlive/YSYL_244.m3u8
[SD]gb news,https://t.freetv.fun/live/gb-news-1.m3u8
安多卫视,#http://qwt.zhibotv.top:2016/全网通.php?id=安多卫视
武清综合,https://tvpull.smartwq.cn/wqlive/convergencemedia/playlist.m3u8?ztianjd
[HD]high news,https://t.freetv.fun/live/high-news.m3u8
康巴卫视,#http://fjcm-2118.live.iptv.darwinchow.com/PLTV/88888888/224/3221225856/index.m3u8
乐至综合,http://175.155.106.72:89/live1/live1.m3u8?zsicd
[BD]tvd news,https://t.freetv.fun/live/tvd-news.m3u8
珠江卫视,http://qjrhc.jydjd.top:2911/udp/224.1.100.24:11111
乐至综合,http://175.155.106.72:89/live1/live1.m3u8
[BD]rt news,https://t.freetv.fun/live/rt-news-1.m3u8
CGTN,http://112.27.235.94:8000/hls/17/index.m3u8
乐至综合,http://175.155.106.72:89/live1/live1.m3u8?zsicd;http://rmlive.lzxrmtzx.com/live1/live1.m3u8?zsicd
[BD]rt-news,https://t.freetv.fun/live/rt-news.m3u8
上海卫视,http://112.27.235.94:8000/hls/28/index.m3u8
井研综合,http://tvfile.jyrmt.cn/nmip-media/channellive/channel104452/playlist.m3u8
[VGA]sabc news,https://t.freetv.fun/live/sabc-news-1.m3u8
重温经典,http://112.27.235.94:8000/hls/50/index.m3u8
剑阁综合,https://m3u8.channel.dzsm.com/nmip-media/channellive/channel105549/playlist.m3u8
[BD]ntd news,https://t.freetv.fun/live/ntd-news.m3u8
CCTV-4K,http://www.tszhgjj.cn:7000/rtp/239.253.93.134:6631
叙州新闻综合,http://pili-live-hls.ybcxjd.com/jdh-live/2108111201035597.m3u8?zsicd
[BD]gb news,https://t.freetv.fun/live/gb-news-2.m3u8
苏州4K,http://106.53.99.30/tv/api.php?id=sztv4k
名山综合,https://m3u8channel-bx.yunxya.com/nmip-media/channellive/channel104666/playlist.m3u8
[BD]etv news,https://t.freetv.fun/live/etv-news.m3u8
河北4K,http://106.53.99.30/tv/api.php?id=hebtv4k
广元公共,https://m3u8.channel.dzsm.com/nmip-media/channellive/channel101257/playlist.m3u8
[HD]city news,https://t.freetv.fun/live/city-news.m3u8
CETV-01,https://zby.130519.xyz/PLTV/11/224/3221225775/index.m3u8
长宁综合,rtmp://cnpull.sccnfb.com/live/123456
[HD]news,https://t.freetv.fun/live/news.m3u8
CETV-04,https://zby.130519.xyz/PLTV/11/224/3221226153/index.m3u8
雅安新闻综合,https://play.yunxya.com/channellive/xinwen.m3u8
[BD]haiti news channel,https://t.freetv.fun/live/haiti-news-channel.m3u8
黑龙江视,https://zby.130519.xyz/PLTV/11/224/3221225722/index.m3u8
青川综合,http://qcfile.qcrmt.com/nmip-media/channellive/channel100933/playlist.m3u8
[HD]now sports,https://t.freetv.fun/live/now-sports.m3u8
东方影视,https://zby.130519.xyz/PLTV/11/224/3221225744/index.m3u8
陕西新闻资讯,https://iptv.catvod.com/live.php?id=%E9%99%95%E8%A5%BF%E6%96%B0%E9%97%BB%E8%B5%84%E8%AE%AF%E9%A2%91%E9%81%93&line=1
[HD]prime,https://t.freetv.fun/live/prime.m3u8
东方财经,https://zby.130519.xyz/PLTV/11/224/3221226134/index.m3u8
陕西体育休闲,https://iptv.catvod.com/live.php?id=%E9%99%95%E8%A5%BF%E4%BD%93%E8%82%B2%E4%BC%91%E9%97%B2%E9%A2%91%E9%81%93&line=1
[VGA]lollywood tv,https://t.freetv.fun/live/lollywood-tv.m3u8
第一财经,https://zby.130519.xyz/PLTV/11/224/3221225737/index.m3u8
福建新闻,http://satellitepull.cnr.cn/live/wx32fjxwgb/playlist.m3u8
[VGA]bonce tv,https://t.freetv.fun/live/bonce-tv.m3u8
上海都市,https://zby.130519.xyz/PLTV/11/224/3221225749/index.m3u8
福建经济,http://satellitepull.cnr.cn/live/wx32fjdnjjgb/playlist.m3u8
[HD]loe tv,https://t.freetv.fun/live/loe-tv.m3u8
五星体育,https://zby.130519.xyz/PLTV/11/224/3221225732/index.m3u8
福建公共,https://live.264788.xyz/channel/fujianxiangcungonggong?streamid=2987cc24bada6a8c25589409a6452d9e&livekey=01WgOR41rriMmMkzNsd0UoaxJRwetZdxIvtVk
[HD]fonte tv,https://t.freetv.fun/live/fonte-tv.m3u8
都市剧场,https://zby.130519.xyz/PLTV/11/224/3221225762/index.m3u8
福建公共,https://live.264788.xyz/channel/fujianxiangcungonggong?streamid=1cf7fc3a8f6d160c33b43c2f9507a0cc&livekey=01WgOR41rriMmMkzNsd0UoaxJRwetZdxIvtVk
[BD]icone tv,https://t.freetv.fun/live/icone-tv.m3u8
都市剧场,#https://zby.130519.xyz/PLTV/11/224/3221226155/index.m3u8
福建旅游,https://live.264788.xyz/channel/fujianlvyou?streamid=221239fcf3c7edb274f2f0760fe47f96&livekey=01WgOR41rriMmMkzNsd0UoaxJRwetZdxIvtVk
[BD]pointe tv,https://t.freetv.fun/live/pointe-tv.m3u8
欢笑剧场,https://zby.130519.xyz/PLTV/11/224/3221225771/index.m3u8
福建旅游,https://live.264788.xyz/channel/fujianlvyou?streamid=8f26765ebf367079cef58c6b7752da1e&livekey=01WgOR41rriMmMkzNsd0UoaxJRwetZdxIvtVk
[BD]roll,https://t.freetv.fun/live/roll.m3u8
新闻综合,https://zby.130519.xyz/PLTV/11/224/3221226136/index.m3u8
梨园,https://dxtx.hntv.tv/live/lypd.m3u8?txSecret=10c771842a0be59e8b575d765173ec96&txTime=7B923E0A&wsSecret=41543190cdf375f1c73207222bb96542&wsTime=1769313549
[HD]sardegna 1,https://t.freetv.fun/live/sardegna-1.m3u8
金色学堂,https://zby.130519.xyz/PLTV/11/224/3221225748/index.m3u8
河南都市,http://1.94.31.214/php/hntv.php?id=hnds
[BD]sea tv,https://t.freetv.fun/live/sea-tv.m3u8
生活时尚,https://zby.130519.xyz/PLTV/11/224/3221225768/index.m3u8
甘肃经济,https://satellitepull.cnr.cn/live/wxgshhzs/playlist.m3u8
[VGA]supertv,https://t.freetv.fun/live/supertv.m3u8
法治天地,https://zby.130519.xyz/PLTV/11/224/3221225994/index.m3u8
甘肃都市,https://satellitepull.cnr.cn/live/wxgsdstb/playlist.m3u8
[HD]10 tv,https://t.freetv.fun/live/10-tv.m3u8
游戏风云,https://zby.130519.xyz/PLTV/11/224/3221226117/index.m3u8
嘉峪关综合,http://play.kankanlive.com/live/1720583434627241.m3u8
[HD]himlen tv7,https://t.freetv.fun/live/himlen-tv7-1.m3u8
游戏风云,#https://zby.130519.xyz/PLTV/11/224/3221226140/index.m3u8
天祝综合,https://play.kankanlive.com/live/1656487214793905.m3u8
[HD]xite,https://t.freetv.fun/live/xite.m3u8
乐游频道,https://zby.130519.xyz/PLTV/11/224/3221226157/index.m3u8
张掖新闻综合,https://play.kankanlive.com/live/1720583434627241.m3u8
[HD]sol tv,https://t.freetv.fun/live/sol-tv.m3u8
乐游频道,#https://zby.130519.xyz/PLTV/11/224/3221226115/index.m3u8
永昌综合,https://play.kankanlive.com/live/1652755738635915.m3u8
[HD]sol tv,https://t.freetv.fun/live/sol-tv-1.m3u8
哈哈炫动,https://zby.130519.xyz/PLTV/11/224/3221226161/index.m3u8
渭源新闻,http://play.kankanlive.com/live/1720408280309109.m3u8
[HD]zagros,https://t.freetv.fun/live/zagros.m3u8
哈哈炫动,#https://zby.130519.xyz/PLTV/11/224/3221226175/index.m3u8
白银综合,https://play.kankanlive.com/live/1720408089419110.m3u8
[VGA]zagros tv,https://t.freetv.fun/live/zagros-tv.m3u8
动漫秀场,https://zby.130519.xyz/PLTV/11/224/3221225764/index.m3u8
白银综合,http://play.kankanlive.com/live/1720408089419110.m3u8
[HD]zagros tv,https://t.freetv.fun/live/zagros-tv-1.m3u8
动漫秀场,#https://zby.130519.xyz/PLTV/11/224/3221226138/index.m3u8
秦安综合,https://play.kankanlive.com/live/1659926941626981.m3u8
[BD]čt 2,https://t.freetv.fun/live/ct-2.m3u8
卡酷少儿,https://zby.130519.xyz/PLTV/11/224/3221226019/index.m3u8
西峰综合,https://play.kankanlive.com/live/1683944827526991.m3u8
[VGA]th đồng nai,https://t.freetv.fun/live/th-dong-nai.m3u8
金鹰卡通,https://zby.130519.xyz/PLTV/11/224/3221226094/index.m3u8
哈密二套,https://tvpull.hmgbtv.com/hmtv/channel108259412c6a6711/playlist.m3u8
[SD]авто плюс,https://t.freetv.fun/live/avto-plius.m3u8
睛彩竞技,https://zby.130519.xyz/PLTV/11/224/3221226116/index.m3u8
哈密三套,https://tvpull.hmgbtv.com/hmtv/channelfb0e5c505477aa44/playlist.m3u8
[BD]беларусь 1,https://t.freetv.fun/live/belarus-1.m3u8
睛彩篮球,https://zby.130519.xyz/PLTV/11/224/3221226118/index.m3u8
伊犁维吾尔,http://110.153.180.106:55555/out_2/index.m3u8?zxinjd
[BD]беларусь 2,https://t.freetv.fun/live/belarus-2.m3u8
睛彩广场,https://zby.130519.xyz/PLTV/11/224/3221226139/index.m3u8
伊犁维吾尔,http://110.153.180.106:55555/out_2/index.m3u8
[BD]беларусь 24,https://t.freetv.fun/live/belarus-24-1.m3u8
CHC影迷电影,http://58.19.38.162:9901/tsfile/live/1004_1.m3u8?key=txiptv&playlive=1&authid=0
伊犁哈萨克,http://110.153.180.106:55555/out_3/index.m3u8?zxinjd
[VGA]беларусь 24,https://t.freetv.fun/live/belarus-24-2.m3u8
CHC家庭影院,http://58.19.38.162:9901/tsfile/live/1006_1.m3u8?key=txiptv&playlive=1&authid=0
伊犁哈萨克,http://110.153.180.106:55555/out_3/index.m3u8
[BD]беларусь 5,https://t.freetv.fun/live/belarus-5.m3u8
CHC动作电影,http://58.19.38.162:9901/tsfile/live/1005_1.m3u8?key=txiptv&playlive=1&authid=0
伊犁经济法制,http://110.153.180.106:55555/out_4/index.m3u8?zxinjd
[HD]ств беларусь,https://t.freetv.fun/live/stv-belarus.m3u8
CHC影迷电影HD,http://122.228.73.138:2380/hw1live.rxip.sc96655.com.huan.tv/live/lnwsCHC-HDH265_4000.m3u8
伊犁经济法制,http://110.153.180.106:55555/out_4/index.m3u8
[BD]беларусь 3,https://t.freetv.fun/live/belarus-3.m3u8
CHC家庭影院HD,http://122.228.73.138:2380/hw1live.rxip.sc96655.com.huan.tv/live/jbtygqCHCjtyyH265_4000.m3u8
巴音郭楞州,rtmp://tv.loulannews.cn/channellive/ch1
[BD]дождь,https://t.freetv.fun/live/dozhd-1.m3u8
CHC动作电影HD,http://122.228.73.138:2380/hw1live.rxip.sc96655.com.huan.tv/live/wqCHCdzdyH265_4000.m3u8
山东教育,https://iptv.catvod.com/live.php?id=%E5%B1%B1%E4%B8%9C%E6%95%99%E8%82%B2&line=1
[SD]дождь (1080p) [geo-blocked],https://t.freetv.fun/live/dozhd-1080p-geo-blocked.m3u8
求索纪录,http://111.22.153.159:35455/itv/2000000004000000010.m3u8?cdn=hnbblive
山东教育,https://test1.live.sdetv.com.cn/live/dianshizhibo/playlist.m3u8
[BD]дом кино премиум,https://t.freetv.fun/live/dom-kino-premium.m3u8
求索科学,http://111.22.153.159:35455/itv/2000000004000000011.m3u8?cdn=hnbblive
太谷新闻综合,https://p2.vzan.com/slowlive/596867413819827251/live.m3u8?zbid=1725814272&tpid=1516989100&type=0
[SD]дом кино премиум (1080p),https://t.freetv.fun/live/dom-kino-premium-1080p.m3u8
求索生活,http://111.22.153.159:35455/itv/2000000004000000008.m3u8?cdn=hnbblive
定襄综合,http://lbyzztfe.live.sxmty.com/live/hls/645ff4c60e0a49f0a203abbd73dd8be9/0720e665f10f48e98c9639f4f492fb4a-1.m3u8?zshanxd
[SD]домашний,https://t.freetv.fun/live/domashnii.m3u8
求索动物,http://111.22.153.159:35455/itv/2000000004000000009.m3u8?cdn=hnbblive
武乡新闻综合,http://uzoiczhh.live.sxmty.com/live/hls/0d41f1480c4042d49927858f01fde707/53130407737b417b9a6259b57246bae3.m3u8?zshanxd
[SD]живи!,https://t.freetv.fun/live/zhivi.m3u8
纪实科教8K,https://gdcucc.v1.mk/gdcucc/brtv8k.m3u8
黎城综合,http://111.53.96.67:8081/live/1/index.m3u8
[VGA]живи!,https://t.freetv.fun/live/zhivi-2.m3u8
爱上4K,http://wouu.net:9977/udp/239.93.0.97:5140
黎城综合,http://111.53.96.67:8081/live/1/index.m3u8?%E5%85%B3%E6%B3%A8%E5%BE%AE%E4%BF%A1%E5%85%AC%E4%BC%97%E5%8F%B7[%E6%99%B4%E5%9B%AD]
[BD]інтер,https://t.freetv.fun/live/inter.m3u8
华数4K,http://111.22.153.159:35455/itv/2000000004000000014.m3u8?cdn=hnbblive
广德生活,https://live.gdtv.ah.cn/live/newsTV.m3u8
[BD]інтер,https://t.freetv.fun/live/inter-1.m3u8
纯享4K,#http://fjcm-2117.live.iptv.darwinchow.com/PLTV/88888888/224/3221226825/index.m3u8
延边卫视,https://srs.iyb983.cn/video/CYS/index.m3u8
[VGA]к16,https://t.freetv.fun/live/k16.m3u8
求索纪录4K,http://tvbox6.icu/tv/gdmzyd.php?id=104
延边卫视,https://srs.iyb983.cn:443/video/CYS/index.m3u8
[BD]к1,https://t.freetv.fun/live/k1.m3u8
重温经典,http://8.138.7.223/tv/cwjd.php
吉林乡村,https://satellitepull.cnr.cn/live/wxjlxcgb/playlist.m3u8
[BD]к1,https://t.freetv.fun/live/k1-1.m3u8
搜狐剧场,https://hdl-vip-ws.qf.56.com/live/lc_11730.flv
内蒙农牧,http://play1-qk.nmtv.cn:80/live/1686561299036179.m3u8
[SD]к16 (саров) (406p) [not 24/7],https://t.freetv.fun/live/k16-sarov-406p-not-24-7.m3u8
1905电影网,http://8.138.7.223/tv/1905.php?id=LIVE8J4LTCXPI7QJ5
内蒙古少儿,http://play1-qk.nmtv.cn/live/1686560464515368.m3u8
[SD]кхл,https://t.freetv.fun/live/kkhl.m3u8
1905电影网（国内）,http://8.138.7.223/tv/1905.php?id=LIVEOYY31H24H48NE
内蒙古文体娱乐,http://play1-qk.nmtv.cn/live/1686561195713372.m3u8
[SD]кхл,https://t.freetv.fun/live/kkhl-1.m3u8
中国电影频道,https://live.tvfix.org/live/cmc/index.m3u8
内蒙古蒙语文化,http://play1-qk.nmtv.cn/live/1686561065304370.m3u8
[BD]карусель,https://t.freetv.fun/live/karusel-2.m3u8
美亚电影台,https://live.tvfix.org/live/mydy/index.m3u8
易门综合,https://zb-live.ynurl.com/yimen/3b75a2f9-7941-46b7-992d-a9796fbca5fe.m3u8
[SD]кино тв,https://t.freetv.fun/live/kino-tv.m3u8
漫威电影,http://1.94.31.214:35455/douyu/6140589
通海电视台,https://zb-live.ynurl.com/tonghai/3bfe3a9e-48e6-4c1e-8770-1df66447cc6c.m3u8
[BD]кино тв,https://t.freetv.fun/live/kino-tv-1-1.m3u8
精彩影视,http://111.22.153.159:35455/itv/6000000006000320630.m3u8?cdn=wasusyt
陇川综合,https://zb-live.ynurl.com/longchuan/58f88df3-605e-4c57-865c-8e8f85241ca1.m3u8
[BD]союз,https://t.freetv.fun/live/soiuz-1.m3u8
中国天气,#http://fjcm-2118.live.iptv.darwinchow.com/PLTV/88888888/224/3221227210/index.m3u8
云南都市,https://hwapi.yntv.net/62hdvf/rjwt14.m3u8
[SD]кто есть кто,https://t.freetv.fun/live/kto-est-kto.m3u8
纪实科教,http://120.76.248.139/live/bfgd/4200000113.m3u8
云南娱乐,https://hwapi.yntv.net/62hdvf/q9vs1b.m3u8
[HD]кто есть кто,https://t.freetv.fun/live/kto-est-kto-1.m3u8
金鹰纪实,http://rrs01.hw.gmcc.net:8088/PLTV/81/224/3221226667/1.m3u8
七台河新闻综合,http://live.qthnews.org.cn:1935/live/live1/800k/tzwj_video.m3u8
[SD]матч! боец,https://t.freetv.fun/live/match-boets.m3u8
新视觉HD,http://120.76.248.139/live/bfgd/4200000249.m3u8
双鸭山综合,http://live.qthnews.org.cn:1935/live/live2/800k/tzwj_video.m3u8
[BD]мир 24,https://t.freetv.fun/live/mir-24.m3u8
茶友频道,#http://fjcm-2118.live.iptv.darwinchow.com/PLTV/88888888/224/3221226859/index.m3u8
七台河民生社教,http://yp.qqqtv.top/1/api.php?id=%E4%B8%83%E5%8F%B0%E6%B2%B3%E6%B0%91%E7%94%9F%E7%A4%BE%E6%95%99&auth=666858
[SD]мир 24 (1080p),https://t.freetv.fun/live/mir-24-1080p.m3u8
快乐垂钓,#http://fjcm-2117.live.iptv.darwinchow.com/PLTV/88888888/224/3221226940/index.m3u8
凤凰资讯,http://61.221.215.25:8800/hls/47/index.m3u8
[SD]матч! игра,https://t.freetv.fun/live/match-igra.m3u8
劲爆体育,http://111.22.153.159:35455/itv/5000000002000029972.m3u8?cdn=bestzb
CHC家庭影院,https://iptv.catvod.com/live.php?id=CHC%E5%AE%B6%E5%BA%AD%E5%BD%B1%E9%99%A2
[SD]матч! арена,https://t.freetv.fun/live/match-arena.m3u8
魅力足球,http://111.22.153.159:35455/itv/5000000011000031207.m3u8?cdn=bestzb
CHC家庭影院,http://38.75.136.137:98/gslb/dsdqpub/chcjt.m3u8?auth=testpub
[HD]матч! арена,https://t.freetv.fun/live/match-arena-1.m3u8
五星体育,http://bp-livetytv.bestv.cn/ch/bestvwxty.m3u8
CHC家庭影院,http://107.150.60.122/live/chcjt.m3u8
[SD]матч! арена (720p),https://t.freetv.fun/live/match-arena-720p.m3u8
新纪实,http://bp-resource-dfl.bestv.cn/155/3/video.m3u8
CHC家庭影院,http://192.151.150.154/live/chcjt.m3u8
[SD]мир,https://t.freetv.fun/live/mir.m3u8
第一财经,http://bp-livetytv.bestv.cn/ch/bestvdycj.m3u8
CHC家庭影院,http://198.204.228.26/live/chcjt.m3u8
[SD]мир,https://t.freetv.fun/live/mir-1.m3u8
上海新闻,http://bp-livetytv.bestv.cn/ch/bestvxwzh.m3u8
CHC动作电影,https://iptv.catvod.com/live.php?id=CHC%E5%8A%A8%E4%BD%9C%E7%94%B5%E5%BD%B1&line=2
[BD]мир,https://t.freetv.fun/live/mir-2.m3u8
上海都市,http://bp-livetytv.bestv.cn/ch/bestvdspd.m3u8
CHC动作电影,https://iptv.catvod.com/live.php?id=CHC%E5%8A%A8%E4%BD%9C%E7%94%B5%E5%BD%B1&line=1
[SD]мультиландия,https://t.freetv.fun/live/multilandiia.m3u8
海峡卫视,http://8.138.7.223/tv/hxws.m3u8
CHC动作电影,http://198.204.228.26/live/chcdz.m3u8
[SD]мультиландия (576p),https://t.freetv.fun/live/multilandiia-576p.m3u8
四川科教,http://182.150.115.21:8030/pcgacg/pcgacg_0.m3u8
CHC动作电影,http://107.150.60.122/live/chcdz.m3u8
[HD]ника тв,https://t.freetv.fun/live/nika-tv.m3u8
哒啵赛事,#http://fjcm-2118.live.iptv.darwinchow.com/PLTV/88888888/224/3221227331/index.m3u8
CHC动作电影,http://38.75.136.137:98/gslb/dsdqpub/chcdz.m3u8?auth=testpub
[SD]нтв хит,https://t.freetv.fun/live/ntv-khit-1.m3u8
哒啵电竞,http://111.22.153.159:35455/itv/1000000006000032327.m3u8?cdn=ystenlive
NewTV惊悚悬疑,https://iptv.catvod.com/live.php?id=NewTV%E6%83%8A%E6%82%9A%E6%82%AC%E7%96%91
[SD]нтв хит (576p),https://t.freetv.fun/live/ntv-khit-576p.m3u8
黑莓电影,#http://fjcm-2118.live.iptv.darwinchow.com/PLTV/88888888/224/3221227448/index.m3u8
NewTV动作电影,https://iptv.catvod.com/live.php?id=NewTV%E5%8A%A8%E4%BD%9C%E7%94%B5%E5%BD%B1
[SD]нтв сериал,https://t.freetv.fun/live/ntv-serial-1.m3u8
黑莓动画,#http://fjcm-2118.live.iptv.darwinchow.com/PLTV/88888888/224/3221227303/index.m3u8
纬来电影,http://iptv.4666888.xyz/iptv2A.php?id=54
[SD]перец,https://t.freetv.fun/live/perets.php
乐游频道,http://8.138.7.223/tv/shtv.php?id=ly
IPTV经典电影,http://43.138.0.72:35455/yy/1382754187
[BD]перший,https://t.freetv.fun/live/pershii-2.m3u8
欢笑剧场,http://111.22.153.159:35455/itv/5000000002000009455.m3u8?cdn=bestzb
睛彩广场舞,https://iptv.catvod.com/live.php?id=%E7%9D%9B%E5%BD%A9%E5%B9%BF%E5%9C%BA%E8%88%9E
[SD]тнв-планета,https://t.freetv.fun/live/tnv-planeta.m3u8
法治天地,http://111.22.153.159:35455/itv/2000000002000000014.m3u8?cdn=hnbblive
新动漫,https://iptv.catvod.com/live.php?id=%E6%96%B0%E5%8A%A8%E6%BC%AB&line=1
[SD]моя планета,https://t.freetv.fun/live/moia-planeta.m3u8
七彩戏剧,http://111.22.153.159:35455/itv/5000000011000031116.m3u8?cdn=bestzb
音乐现场,https://satellitepull.cnr.cn/live/wx32nmgyygb/playlist.m3u8
[SD]живая планета (576p),https://t.freetv.fun/live/zhivaia-planeta-576p.m3u8
动漫秀场,http://111.22.153.159:35455/itv/5000000011000031113.m3u8?cdn=bestzb
闯关东,http://43.251.226.89:8080/play/1731.m3u8
[SD]пятница!,https://t.freetv.fun/live/piatnitsa.m3u8
游戏风云,http://111.22.153.159:35455/itv/5000000011000031114.m3u8?cdn=bestzb
